-- Nasta AS Kunde PoC - Seed Data
-- Generated: 50 customers, 186 machines, 389 orders

-- Customers
INSERT INTO Customers (kundenummer, navn, adresse, epost, telefonnummer, org_nummer) VALUES (1001, N'Berge-Ahmed', N'Eriksenflata 7, 0133 Juliefjell', N'ceriksen@hansen.com', N'954 23 511', N'860806024');
INSERT INTO Customers (kundenummer, navn, adresse, epost, telefonnummer, org_nummer) VALUES (1002, N'Bakken-Iversen & co.', N'Amundsenringen 18C, 9593 Danielsund', N'vildehaugen@evensen.com', N'947 52 553', N'831931511');
INSERT INTO Customers (kundenummer, navn, adresse, epost, telefonnummer, org_nummer) VALUES (1003, N'Halvorsen-Solheim', N'Mikkelsenhavna 48A, 5030 Johansen', N'emil39@haug-engen.no', N'972 42 388', N'928740864');
INSERT INTO Customers (kundenummer, navn, adresse, epost, telefonnummer, org_nummer) VALUES (1004, N'Tangen RFH', N'Jacobsenhaugen 9, 1012 Ragnhildmark', N'jenssenvidar@kristoffersen.no', N'+4718451462', N'878139880');
INSERT INTO Customers (kundenummer, navn, adresse, epost, telefonnummer, org_nummer) VALUES (1005, N'Aasen-Strand og Sønner', N'Lundekra 89, 2528 Lenehamn', N'habrahamsen@haugland.com', N'91 17 18 22', N'860185867');
INSERT INTO Customers (kundenummer, navn, adresse, epost, telefonnummer, org_nummer) VALUES (1006, N'Larsen-Moe', N'Mathisenstykket 9C, 4657 Berg', N'martinandresen@abrahamsen.no', N'93 01 03 10', N'817774584');
INSERT INTO Customers (kundenummer, navn, adresse, epost, telefonnummer, org_nummer) VALUES (1007, N'Antonsen RFH', N'Sandvikrøa 8, 7631 Maymark', N'bente67@andersen-simonsen.com', N'+4765133387', N'963121477');
INSERT INTO Customers (kundenummer, navn, adresse, epost, telefonnummer, org_nummer) VALUES (1008, N'Karlsen AS', N'Gulbrandseneggen 1, 1326 Lien', N'anitaandreassen@jensen.no', N'74687234', N'943704923');
INSERT INTO Customers (kundenummer, navn, adresse, epost, telefonnummer, org_nummer) VALUES (1009, N'Andreassen RFH', N'Andreassenbråten 1, 2191 Annabø', N'kirstennaess@paulsen.no', N'49854353', N'984045292');
INSERT INTO Customers (kundenummer, navn, adresse, epost, telefonnummer, org_nummer) VALUES (1010, N'Johannessen AS', N'Haugeggen 2, 8425 Olahavn', N'jon78@hauge-olsen.no', N'+4784124118', N'956930359');
INSERT INTO Customers (kundenummer, navn, adresse, epost, telefonnummer, org_nummer) VALUES (1011, N'Halvorsen ASA', N'Ellingsenvollen 87, 0164 Adrianhamn', N'mariehagen@svendsen.no', N'980 11 280', N'858884978');
INSERT INTO Customers (kundenummer, navn, adresse, epost, telefonnummer, org_nummer) VALUES (1012, N'Nielsen RFH', N'Berntsenberget 6, 3158 Paulsen', N'nilschristensen@johnsen.com', N'63421607', N'994525678');
INSERT INTO Customers (kundenummer, navn, adresse, epost, telefonnummer, org_nummer) VALUES (1013, N'Eliassen & co.', N'Hauglandhaugen 7B, 4145 Simonsen', N'asbjoern14@nielsen.com', N'+47 96 55 69 81', N'952910691');
INSERT INTO Customers (kundenummer, navn, adresse, epost, telefonnummer, org_nummer) VALUES (1014, N'Nguyen-Eide ASA', N'Aasenskrenten 6G, 1595 Sivgrunn', N'mona65@solheim-haugen.com', N'66 29 94 68', N'982828034');
INSERT INTO Customers (kundenummer, navn, adresse, epost, telefonnummer, org_nummer) VALUES (1015, N'Hauge ASA', N'Ødegårdstubben 77, 3872 Roysand', N'frode34@eliassen.com', N'+4737917693', N'857212267');
INSERT INTO Customers (kundenummer, navn, adresse, epost, telefonnummer, org_nummer) VALUES (1016, N'Solheim-Jenssen', N'Gulbrandsengata 2, 3287 Jorunnfjord', N'kristiansenjens@sandvik-mathisen.no', N'79868727', N'958612055');
INSERT INTO Customers (kundenummer, navn, adresse, epost, telefonnummer, org_nummer) VALUES (1017, N'Hagen-Thomassen AS', N'Pedersenhavna 5, 4558 Joakimdal', N'oeysteinsolberg@soerensen.com', N'965 87 603', N'893955206');
INSERT INTO Customers (kundenummer, navn, adresse, epost, telefonnummer, org_nummer) VALUES (1018, N'Jenssen-Tveit RFH', N'Lienalléen 66, 7346 Ahmed', N'qholm@johansen-strand.com', N'429 80 699', N'833328859');
INSERT INTO Customers (kundenummer, navn, adresse, epost, telefonnummer, org_nummer) VALUES (1019, N'Ahmed-Arnesen', N'Kristoffersengrenda 53A, 5564 Gundersen', N'larsenandreas@moen-andersen.no', N'10 03 30 92', N'947333543');
INSERT INTO Customers (kundenummer, navn, adresse, epost, telefonnummer, org_nummer) VALUES (1020, N'Berntsen BA', N'Kristoffersenvika 29, 2419 Sondrestad', N'tjohannessen@antonsen.net', N'+47 49 19 05 86', N'982613940');
INSERT INTO Customers (kundenummer, navn, adresse, epost, telefonnummer, org_nummer) VALUES (1021, N'Jakobsen-Andresen', N'Jørgensenrøa 72, 2849 Kristoffersen', N'lstroem@helland.net', N'+47 47 37 99 65', N'869549527');
INSERT INTO Customers (kundenummer, navn, adresse, epost, telefonnummer, org_nummer) VALUES (1022, N'Lunde & co.', N'Liehagen 54, 8083 Oddvær', N'jlie@solberg.no', N'401 43 634', N'840281491');
INSERT INTO Customers (kundenummer, navn, adresse, epost, telefonnummer, org_nummer) VALUES (1023, N'Nielsen-Jakobsen', N'Karlsenstien 444, 1351 Kristianfjell', N'uhansen@thorsen.org', N'+47 34 35 24 08', N'988831486');
INSERT INTO Customers (kundenummer, navn, adresse, epost, telefonnummer, org_nummer) VALUES (1024, N'Hansen Gruppen', N'Solheimflata 109, 7775 Einarfoss', N'eberge@lie-antonsen.com', N'29 41 31 86', N'889991301');
INSERT INTO Customers (kundenummer, navn, adresse, epost, telefonnummer, org_nummer) VALUES (1025, N'Næss, Paulsen og Eriksen', N'Knutsenkollen 49F, 9133 Ruud', N'christensenodd@moe.com', N'+4767974034', N'955610493');
INSERT INTO Customers (kundenummer, navn, adresse, epost, telefonnummer, org_nummer) VALUES (1026, N'Hanssen-Solheim', N'Sivertsenhaugen 7G, 8324 Erlingborg', N'sindrenaess@myklebust-hanssen.no', N'+47 74 64 88 77', N'972270726');
INSERT INTO Customers (kundenummer, navn, adresse, epost, telefonnummer, org_nummer) VALUES (1027, N'Næss Gruppen', N'Nygårdholtet 1A, 9027 Hansen', N'kjerstiknudsen@lie-aune.no', N'65512567', N'990246882');
INSERT INTO Customers (kundenummer, navn, adresse, epost, telefonnummer, org_nummer) VALUES (1028, N'Ruud BA', N'Aunekroken 7, 8760 Heidihavn', N'cpedersen@ellingsen.no', N'47 71 09 32', N'930703455');
INSERT INTO Customers (kundenummer, navn, adresse, epost, telefonnummer, org_nummer) VALUES (1029, N'Moe Gruppen', N'Eriksenfaret 3, 4846 Larsen', N'elisabethmoe@jenssen.no', N'92146584', N'846613428');
INSERT INTO Customers (kundenummer, navn, adresse, epost, telefonnummer, org_nummer) VALUES (1030, N'Hanssen og Sønner', N'Brekkeplassen 58, 7533 Evensen', N'uamundsen@larsen-soerensen.no', N'927 02 895', N'941895531');
INSERT INTO Customers (kundenummer, navn, adresse, epost, telefonnummer, org_nummer) VALUES (1031, N'Knutsen Gruppen', N'Strandgata 2, 4596 Sveinås', N'ohaug@thorsen-lie.no', N'+4791343161', N'891547054');
INSERT INTO Customers (kundenummer, navn, adresse, epost, telefonnummer, org_nummer) VALUES (1032, N'Sørensen-Bakken', N'Solbergkollen 6, 4556 Olasand', N'rmyklebust@dahl.com', N'46937923', N'826821075');
INSERT INTO Customers (kundenummer, navn, adresse, epost, telefonnummer, org_nummer) VALUES (1033, N'Pettersen-Gundersen BA', N'Kristoffersenjordet 2, 5946 Kristiansen', N'kristoffer67@fredriksen.no', N'94406409', N'961559717');
INSERT INTO Customers (kundenummer, navn, adresse, epost, telefonnummer, org_nummer) VALUES (1034, N'Vik-Tangen', N'Hanssenhaugen 33, 2104 Ali', N'stine21@helland.no', N'32 85 88 42', N'916866268');
INSERT INTO Customers (kundenummer, navn, adresse, epost, telefonnummer, org_nummer) VALUES (1035, N'Lien & co.', N'Bergeringen 4, 8516 Pålsjøen', N'kristiansentor@tangen-simonsen.org', N'46513709', N'973404979');
INSERT INTO Customers (kundenummer, navn, adresse, epost, telefonnummer, org_nummer) VALUES (1036, N'Helland, Olsen og Eriksen', N'Solheimkollen 3, 0471 Nilssjøen', N'oeyvindkristiansen@sandvik.no', N'992 61 796', N'997629787');
INSERT INTO Customers (kundenummer, navn, adresse, epost, telefonnummer, org_nummer) VALUES (1037, N'Ali og Sønner', N'Knutsenplassen 15, 0643 Elisabethby', N'maripettersen@abrahamsen.no', N'29 31 83 93', N'818338186');
INSERT INTO Customers (kundenummer, navn, adresse, epost, telefonnummer, org_nummer) VALUES (1038, N'Henriksen & co.', N'Hansengata 21, 2053 Abrahamsen', N'paalandersen@svendsen.no', N'+47 17 75 89 17', N'842301683');
INSERT INTO Customers (kundenummer, navn, adresse, epost, telefonnummer, org_nummer) VALUES (1039, N'Eriksen, Olsen og Amundsen', N'Rasmussenbakken 661, 7115 Emildal', N'malin98@helland-jensen.no', N'94789611', N'990233330');
INSERT INTO Customers (kundenummer, navn, adresse, epost, telefonnummer, org_nummer) VALUES (1040, N'Rønning-Tveit', N'Kristensenhaugen 661, 6545 Randiodden', N'aunefrank@knudsen.no', N'80 98 85 16', N'862132722');
INSERT INTO Customers (kundenummer, navn, adresse, epost, telefonnummer, org_nummer) VALUES (1041, N'Sandvik & co.', N'Hanssenstykket 9, 2731 Myhre', N'henrik49@karlsen.no', N'49809402', N'880322629');
INSERT INTO Customers (kundenummer, navn, adresse, epost, telefonnummer, org_nummer) VALUES (1042, N'Solheim & co.', N'Isaksenalléen 7, 2018 Vegardmark', N'kholm@haugland.no', N'49102290', N'928453800');
INSERT INTO Customers (kundenummer, navn, adresse, epost, telefonnummer, org_nummer) VALUES (1043, N'Arnesen-Halvorsen', N'Liestykket 38, 5614 Mathisen', N'daniel36@andreassen.org', N'24 45 10 76', N'822549425');
INSERT INTO Customers (kundenummer, navn, adresse, epost, telefonnummer, org_nummer) VALUES (1044, N'Berntsen BA', N'Antonsenmarka 7, 7159 Nguyen', N'osoerensen@haugen-berge.com', N'29751613', N'996557984');
INSERT INTO Customers (kundenummer, navn, adresse, epost, telefonnummer, org_nummer) VALUES (1045, N'Nilsen-Johansen RFH', N'Hauglandlia 2, 8835 Strøm', N'nilsbakke@gundersen.com', N'42127799', N'838375916');
INSERT INTO Customers (kundenummer, navn, adresse, epost, telefonnummer, org_nummer) VALUES (1046, N'Sivertsen-Myklebust og Sønner', N'Brekkeplassen 449, 5814 Kristensen', N'andreassentor@antonsen.com', N'49867980', N'863458386');
INSERT INTO Customers (kundenummer, navn, adresse, epost, telefonnummer, org_nummer) VALUES (1047, N'Nguyen-Rønning AS', N'Lundgata 151, 0377 Torehavn', N'oeyvind65@naess-andersen.no', N'+47 51 86 44 92', N'822283664');
INSERT INTO Customers (kundenummer, navn, adresse, epost, telefonnummer, org_nummer) VALUES (1048, N'Arnesen RFH', N'Hauglandtoppen 29D, 4865 Monicavik', N'rasmussenmonica@madsen-jacobsen.no', N'23573322', N'861100987');
INSERT INTO Customers (kundenummer, navn, adresse, epost, telefonnummer, org_nummer) VALUES (1049, N'Haugen & co.', N'Ruudlia 7, 2292 Amundsen', N'rjacobsen@fredriksen-knutsen.no', N'73834735', N'966519399');
INSERT INTO Customers (kundenummer, navn, adresse, epost, telefonnummer, org_nummer) VALUES (1050, N'Nguyen-Knutsen', N'Vikløkka 23C, 4075 Siriås', N'hanssenfrank@halvorsen.no', N'61 37 50 60', N'850890504');

-- Machines
INSERT INTO Machines (kundenummer, device_id, maskin_navn, aarsmodell, chassisnummer) VALUES (1001, N'NAS-1001-001', N'JCB 220X Gravemaskin', 2021, N'JCB21969693');
INSERT INTO Machines (kundenummer, device_id, maskin_navn, aarsmodell, chassisnummer) VALUES (1001, N'NAS-1001-002', N'Takeuchi TB260 Minigraver', 2022, N'TKC22705397');
INSERT INTO Machines (kundenummer, device_id, maskin_navn, aarsmodell, chassisnummer) VALUES (1002, N'NAS-1002-001', N'Liebherr LTM 1100 Mobilkran', 2020, N'LBH20771088');
INSERT INTO Machines (kundenummer, device_id, maskin_navn, aarsmodell, chassisnummer) VALUES (1002, N'NAS-1002-002', N'Atlas Copco FlexiROC Boremaskin', 2023, N'XXX23330283');
INSERT INTO Machines (kundenummer, device_id, maskin_navn, aarsmodell, chassisnummer) VALUES (1002, N'NAS-1002-003', N'Kubota KX080 Minigraver', 2021, N'KBT21983794');
INSERT INTO Machines (kundenummer, device_id, maskin_navn, aarsmodell, chassisnummer) VALUES (1003, N'NAS-1003-001', N'Sandvik DR410i Boremaskin', 2024, N'SVK24665158');
INSERT INTO Machines (kundenummer, device_id, maskin_navn, aarsmodell, chassisnummer) VALUES (1003, N'NAS-1003-002', N'Komatsu PC210 Gravemaskin', 2023, N'KMT23712982');
INSERT INTO Machines (kundenummer, device_id, maskin_navn, aarsmodell, chassisnummer) VALUES (1004, N'NAS-1004-001', N'Takeuchi TB260 Minigraver', 2021, N'TKC21982554');
INSERT INTO Machines (kundenummer, device_id, maskin_navn, aarsmodell, chassisnummer) VALUES (1005, N'NAS-1005-001', N'JCB 220X Gravemaskin', 2017, N'JCB17728038');
INSERT INTO Machines (kundenummer, device_id, maskin_navn, aarsmodell, chassisnummer) VALUES (1006, N'NAS-1006-001', N'Doosan DX225 Gravemaskin', 2017, N'DSN17189814');
INSERT INTO Machines (kundenummer, device_id, maskin_navn, aarsmodell, chassisnummer) VALUES (1006, N'NAS-1006-002', N'Sandvik DR410i Boremaskin', 2023, N'SVK23955662');
INSERT INTO Machines (kundenummer, device_id, maskin_navn, aarsmodell, chassisnummer) VALUES (1006, N'NAS-1006-003', N'Volvo L120H Hjullaster', 2022, N'YV122903035');
INSERT INTO Machines (kundenummer, device_id, maskin_navn, aarsmodell, chassisnummer) VALUES (1006, N'NAS-1006-004', N'Caterpillar 320 Beltegraver', 2015, N'CAT15791798');
INSERT INTO Machines (kundenummer, device_id, maskin_navn, aarsmodell, chassisnummer) VALUES (1006, N'NAS-1006-005', N'Hitachi ZX210 Gravemaskin', 2022, N'HCM22273148');
INSERT INTO Machines (kundenummer, device_id, maskin_navn, aarsmodell, chassisnummer) VALUES (1006, N'NAS-1006-006', N'Komatsu PC210 Gravemaskin', 2020, N'KMT20736059');
INSERT INTO Machines (kundenummer, device_id, maskin_navn, aarsmodell, chassisnummer) VALUES (1007, N'NAS-1007-001', N'Kubota KX080 Minigraver', 2020, N'KBT20579434');
INSERT INTO Machines (kundenummer, device_id, maskin_navn, aarsmodell, chassisnummer) VALUES (1007, N'NAS-1007-002', N'Komatsu D65 Dozer', 2015, N'KMT15109767');
INSERT INTO Machines (kundenummer, device_id, maskin_navn, aarsmodell, chassisnummer) VALUES (1008, N'NAS-1008-001', N'Volvo L120H Hjullaster', 2020, N'YV120969634');
INSERT INTO Machines (kundenummer, device_id, maskin_navn, aarsmodell, chassisnummer) VALUES (1009, N'NAS-1009-001', N'Liebherr L566 Hjullaster', 2023, N'LBH23110139');
INSERT INTO Machines (kundenummer, device_id, maskin_navn, aarsmodell, chassisnummer) VALUES (1009, N'NAS-1009-002', N'Volvo A30G Dumper', 2016, N'YV116824586');
INSERT INTO Machines (kundenummer, device_id, maskin_navn, aarsmodell, chassisnummer) VALUES (1009, N'NAS-1009-003', N'Caterpillar 320 Beltegraver', 2021, N'CAT21137778');
INSERT INTO Machines (kundenummer, device_id, maskin_navn, aarsmodell, chassisnummer) VALUES (1009, N'NAS-1009-004', N'Liebherr R920 Gravemaskin', 2024, N'LBH24255287');
INSERT INTO Machines (kundenummer, device_id, maskin_navn, aarsmodell, chassisnummer) VALUES (1010, N'NAS-1010-001', N'Caterpillar 745 Dumper', 2020, N'CAT20124813');
INSERT INTO Machines (kundenummer, device_id, maskin_navn, aarsmodell, chassisnummer) VALUES (1010, N'NAS-1010-002', N'Kubota KX080 Minigraver', 2019, N'KBT19517821');
INSERT INTO Machines (kundenummer, device_id, maskin_navn, aarsmodell, chassisnummer) VALUES (1010, N'NAS-1010-003', N'Komatsu D65 Dozer', 2018, N'KMT18172792');
INSERT INTO Machines (kundenummer, device_id, maskin_navn, aarsmodell, chassisnummer) VALUES (1011, N'NAS-1011-001', N'Volvo L120H Hjullaster', 2019, N'YV119753425');
INSERT INTO Machines (kundenummer, device_id, maskin_navn, aarsmodell, chassisnummer) VALUES (1011, N'NAS-1011-002', N'Komatsu D65 Dozer', 2015, N'KMT15854717');
INSERT INTO Machines (kundenummer, device_id, maskin_navn, aarsmodell, chassisnummer) VALUES (1011, N'NAS-1011-003', N'Komatsu WA380 Hjullaster', 2023, N'KMT23424308');
INSERT INTO Machines (kundenummer, device_id, maskin_navn, aarsmodell, chassisnummer) VALUES (1012, N'NAS-1012-001', N'Caterpillar D6 Dozer', 2022, N'CAT22618392');
INSERT INTO Machines (kundenummer, device_id, maskin_navn, aarsmodell, chassisnummer) VALUES (1012, N'NAS-1012-002', N'Liebherr LTM 1100 Mobilkran', 2019, N'LBH19254739');
INSERT INTO Machines (kundenummer, device_id, maskin_navn, aarsmodell, chassisnummer) VALUES (1012, N'NAS-1012-003', N'Takeuchi TB260 Minigraver', 2017, N'TKC17887443');
INSERT INTO Machines (kundenummer, device_id, maskin_navn, aarsmodell, chassisnummer) VALUES (1012, N'NAS-1012-004', N'Epiroc SmartROC T40 Boremaskin', 2019, N'EPI19916232');
INSERT INTO Machines (kundenummer, device_id, maskin_navn, aarsmodell, chassisnummer) VALUES (1013, N'NAS-1013-001', N'Caterpillar 320 Beltegraver', 2015, N'CAT15342495');
INSERT INTO Machines (kundenummer, device_id, maskin_navn, aarsmodell, chassisnummer) VALUES (1014, N'NAS-1014-001', N'Liebherr L566 Hjullaster', 2015, N'LBH15316881');
INSERT INTO Machines (kundenummer, device_id, maskin_navn, aarsmodell, chassisnummer) VALUES (1015, N'NAS-1015-001', N'Epiroc SmartROC T40 Boremaskin', 2022, N'EPI22994905');
INSERT INTO Machines (kundenummer, device_id, maskin_navn, aarsmodell, chassisnummer) VALUES (1015, N'NAS-1015-002', N'Liebherr L566 Hjullaster', 2023, N'LBH23883826');
INSERT INTO Machines (kundenummer, device_id, maskin_navn, aarsmodell, chassisnummer) VALUES (1015, N'NAS-1015-003', N'Sandvik DR410i Boremaskin', 2024, N'SVK24938722');
INSERT INTO Machines (kundenummer, device_id, maskin_navn, aarsmodell, chassisnummer) VALUES (1015, N'NAS-1015-004', N'Hyundai HX300 Beltegraver', 2019, N'HYU19611945');
INSERT INTO Machines (kundenummer, device_id, maskin_navn, aarsmodell, chassisnummer) VALUES (1015, N'NAS-1015-005', N'Caterpillar 745 Dumper', 2021, N'CAT21557007');
INSERT INTO Machines (kundenummer, device_id, maskin_navn, aarsmodell, chassisnummer) VALUES (1015, N'NAS-1015-006', N'Hitachi ZX210 Gravemaskin', 2014, N'HCM14507746');
INSERT INTO Machines (kundenummer, device_id, maskin_navn, aarsmodell, chassisnummer) VALUES (1015, N'NAS-1015-007', N'Komatsu D65 Dozer', 2020, N'KMT20859359');
INSERT INTO Machines (kundenummer, device_id, maskin_navn, aarsmodell, chassisnummer) VALUES (1016, N'NAS-1016-001', N'Hitachi ZX350 Beltegraver', 2015, N'HCM15556641');
INSERT INTO Machines (kundenummer, device_id, maskin_navn, aarsmodell, chassisnummer) VALUES (1016, N'NAS-1016-002', N'Caterpillar 950M Hjullaster', 2022, N'CAT22782054');
INSERT INTO Machines (kundenummer, device_id, maskin_navn, aarsmodell, chassisnummer) VALUES (1016, N'NAS-1016-003', N'Komatsu PC210 Gravemaskin', 2021, N'KMT21947458');
INSERT INTO Machines (kundenummer, device_id, maskin_navn, aarsmodell, chassisnummer) VALUES (1016, N'NAS-1016-004', N'JCB 220X Gravemaskin', 2024, N'JCB24587455');
INSERT INTO Machines (kundenummer, device_id, maskin_navn, aarsmodell, chassisnummer) VALUES (1016, N'NAS-1016-005', N'Liebherr L566 Hjullaster', 2019, N'LBH19437960');
INSERT INTO Machines (kundenummer, device_id, maskin_navn, aarsmodell, chassisnummer) VALUES (1016, N'NAS-1016-006', N'Caterpillar 745 Dumper', 2018, N'CAT18392477');
INSERT INTO Machines (kundenummer, device_id, maskin_navn, aarsmodell, chassisnummer) VALUES (1016, N'NAS-1016-007', N'Hitachi ZX350 Beltegraver', 2016, N'HCM16886931');
INSERT INTO Machines (kundenummer, device_id, maskin_navn, aarsmodell, chassisnummer) VALUES (1016, N'NAS-1016-008', N'Hitachi ZX350 Beltegraver', 2022, N'HCM22739979');
INSERT INTO Machines (kundenummer, device_id, maskin_navn, aarsmodell, chassisnummer) VALUES (1016, N'NAS-1016-009', N'Kubota KX080 Minigraver', 2022, N'KBT22452737');
INSERT INTO Machines (kundenummer, device_id, maskin_navn, aarsmodell, chassisnummer) VALUES (1016, N'NAS-1016-010', N'Volvo EC220E Gravemaskin', 2022, N'YV122992288');
INSERT INTO Machines (kundenummer, device_id, maskin_navn, aarsmodell, chassisnummer) VALUES (1017, N'NAS-1017-001', N'Komatsu PC210 Gravemaskin', 2022, N'KMT22185131');
INSERT INTO Machines (kundenummer, device_id, maskin_navn, aarsmodell, chassisnummer) VALUES (1018, N'NAS-1018-001', N'Volvo L120H Hjullaster', 2016, N'YV116102805');
INSERT INTO Machines (kundenummer, device_id, maskin_navn, aarsmodell, chassisnummer) VALUES (1018, N'NAS-1018-002', N'Liebherr L566 Hjullaster', 2022, N'LBH22822858');
INSERT INTO Machines (kundenummer, device_id, maskin_navn, aarsmodell, chassisnummer) VALUES (1018, N'NAS-1018-003', N'Hyundai HX300 Beltegraver', 2021, N'HYU21405407');
INSERT INTO Machines (kundenummer, device_id, maskin_navn, aarsmodell, chassisnummer) VALUES (1018, N'NAS-1018-004', N'Volvo EC350E Beltegraver', 2019, N'YV119402099');
INSERT INTO Machines (kundenummer, device_id, maskin_navn, aarsmodell, chassisnummer) VALUES (1019, N'NAS-1019-001', N'Doosan DX225 Gravemaskin', 2022, N'DSN22765620');
INSERT INTO Machines (kundenummer, device_id, maskin_navn, aarsmodell, chassisnummer) VALUES (1019, N'NAS-1019-002', N'Hitachi ZX210 Gravemaskin', 2015, N'HCM15592841');
INSERT INTO Machines (kundenummer, device_id, maskin_navn, aarsmodell, chassisnummer) VALUES (1019, N'NAS-1019-003', N'Liebherr R920 Gravemaskin', 2022, N'LBH22449499');
INSERT INTO Machines (kundenummer, device_id, maskin_navn, aarsmodell, chassisnummer) VALUES (1019, N'NAS-1019-004', N'Komatsu D65 Dozer', 2015, N'KMT15999398');
INSERT INTO Machines (kundenummer, device_id, maskin_navn, aarsmodell, chassisnummer) VALUES (1019, N'NAS-1019-005', N'Caterpillar 950M Hjullaster', 2019, N'CAT19531641');
INSERT INTO Machines (kundenummer, device_id, maskin_navn, aarsmodell, chassisnummer) VALUES (1019, N'NAS-1019-006', N'Atlas Copco FlexiROC Boremaskin', 2022, N'XXX22402218');
INSERT INTO Machines (kundenummer, device_id, maskin_navn, aarsmodell, chassisnummer) VALUES (1020, N'NAS-1020-001', N'Hyundai HX300 Beltegraver', 2018, N'HYU18346174');
INSERT INTO Machines (kundenummer, device_id, maskin_navn, aarsmodell, chassisnummer) VALUES (1021, N'NAS-1021-001', N'Atlas Copco FlexiROC Boremaskin', 2021, N'XXX21130353');
INSERT INTO Machines (kundenummer, device_id, maskin_navn, aarsmodell, chassisnummer) VALUES (1021, N'NAS-1021-002', N'Volvo EC350E Beltegraver', 2021, N'YV121934816');
INSERT INTO Machines (kundenummer, device_id, maskin_navn, aarsmodell, chassisnummer) VALUES (1021, N'NAS-1021-003', N'Volvo EC350E Beltegraver', 2020, N'YV120475876');
INSERT INTO Machines (kundenummer, device_id, maskin_navn, aarsmodell, chassisnummer) VALUES (1021, N'NAS-1021-004', N'Liebherr R920 Gravemaskin', 2022, N'LBH22252640');
INSERT INTO Machines (kundenummer, device_id, maskin_navn, aarsmodell, chassisnummer) VALUES (1021, N'NAS-1021-005', N'Caterpillar 745 Dumper', 2023, N'CAT23693418');
INSERT INTO Machines (kundenummer, device_id, maskin_navn, aarsmodell, chassisnummer) VALUES (1021, N'NAS-1021-006', N'Kubota KX080 Minigraver', 2018, N'KBT18278240');
INSERT INTO Machines (kundenummer, device_id, maskin_navn, aarsmodell, chassisnummer) VALUES (1022, N'NAS-1022-001', N'Sandvik DR410i Boremaskin', 2023, N'SVK23986827');
INSERT INTO Machines (kundenummer, device_id, maskin_navn, aarsmodell, chassisnummer) VALUES (1022, N'NAS-1022-002', N'JCB 220X Gravemaskin', 2022, N'JCB22194689');
INSERT INTO Machines (kundenummer, device_id, maskin_navn, aarsmodell, chassisnummer) VALUES (1022, N'NAS-1022-003', N'Liebherr LTM 1100 Mobilkran', 2018, N'LBH18377304');
INSERT INTO Machines (kundenummer, device_id, maskin_navn, aarsmodell, chassisnummer) VALUES (1022, N'NAS-1022-004', N'JCB 220X Gravemaskin', 2018, N'JCB18576877');
INSERT INTO Machines (kundenummer, device_id, maskin_navn, aarsmodell, chassisnummer) VALUES (1023, N'NAS-1023-001', N'Sandvik DR410i Boremaskin', 2021, N'SVK21535037');
INSERT INTO Machines (kundenummer, device_id, maskin_navn, aarsmodell, chassisnummer) VALUES (1023, N'NAS-1023-002', N'Takeuchi TB260 Minigraver', 2018, N'TKC18974190');
INSERT INTO Machines (kundenummer, device_id, maskin_navn, aarsmodell, chassisnummer) VALUES (1023, N'NAS-1023-003', N'Hitachi ZX210 Gravemaskin', 2023, N'HCM23527940');
INSERT INTO Machines (kundenummer, device_id, maskin_navn, aarsmodell, chassisnummer) VALUES (1023, N'NAS-1023-004', N'Komatsu PC210 Gravemaskin', 2012, N'KMT12823811');
INSERT INTO Machines (kundenummer, device_id, maskin_navn, aarsmodell, chassisnummer) VALUES (1024, N'NAS-1024-001', N'Komatsu PC210 Gravemaskin', 2014, N'KMT14236306');
INSERT INTO Machines (kundenummer, device_id, maskin_navn, aarsmodell, chassisnummer) VALUES (1024, N'NAS-1024-002', N'JCB 220X Gravemaskin', 2021, N'JCB21937302');
INSERT INTO Machines (kundenummer, device_id, maskin_navn, aarsmodell, chassisnummer) VALUES (1024, N'NAS-1024-003', N'Caterpillar 950M Hjullaster', 2015, N'CAT15793169');
INSERT INTO Machines (kundenummer, device_id, maskin_navn, aarsmodell, chassisnummer) VALUES (1024, N'NAS-1024-004', N'Volvo EC220E Gravemaskin', 2017, N'YV117115582');
INSERT INTO Machines (kundenummer, device_id, maskin_navn, aarsmodell, chassisnummer) VALUES (1024, N'NAS-1024-005', N'Liebherr R920 Gravemaskin', 2019, N'LBH19717457');
INSERT INTO Machines (kundenummer, device_id, maskin_navn, aarsmodell, chassisnummer) VALUES (1025, N'NAS-1025-001', N'Volvo EC220E Gravemaskin', 2017, N'YV117250210');
INSERT INTO Machines (kundenummer, device_id, maskin_navn, aarsmodell, chassisnummer) VALUES (1025, N'NAS-1025-002', N'Doosan DX225 Gravemaskin', 2022, N'DSN22172965');
INSERT INTO Machines (kundenummer, device_id, maskin_navn, aarsmodell, chassisnummer) VALUES (1025, N'NAS-1025-003', N'Caterpillar 320 Beltegraver', 2024, N'CAT24763928');
INSERT INTO Machines (kundenummer, device_id, maskin_navn, aarsmodell, chassisnummer) VALUES (1025, N'NAS-1025-004', N'Volvo EC220E Gravemaskin', 2016, N'YV116882354');
INSERT INTO Machines (kundenummer, device_id, maskin_navn, aarsmodell, chassisnummer) VALUES (1025, N'NAS-1025-005', N'JCB 3CX Lastemester', 2018, N'JCB18494468');
INSERT INTO Machines (kundenummer, device_id, maskin_navn, aarsmodell, chassisnummer) VALUES (1025, N'NAS-1025-006', N'Liebherr L566 Hjullaster', 2022, N'LBH22457455');
INSERT INTO Machines (kundenummer, device_id, maskin_navn, aarsmodell, chassisnummer) VALUES (1025, N'NAS-1025-007', N'Caterpillar 950M Hjullaster', 2019, N'CAT19426775');
INSERT INTO Machines (kundenummer, device_id, maskin_navn, aarsmodell, chassisnummer) VALUES (1026, N'NAS-1026-001', N'Epiroc SmartROC T40 Boremaskin', 2023, N'EPI23570711');
INSERT INTO Machines (kundenummer, device_id, maskin_navn, aarsmodell, chassisnummer) VALUES (1026, N'NAS-1026-002', N'Kubota KX080 Minigraver', 2021, N'KBT21757685');
INSERT INTO Machines (kundenummer, device_id, maskin_navn, aarsmodell, chassisnummer) VALUES (1026, N'NAS-1026-003', N'Komatsu D65 Dozer', 2016, N'KMT16561124');
INSERT INTO Machines (kundenummer, device_id, maskin_navn, aarsmodell, chassisnummer) VALUES (1026, N'NAS-1026-004', N'Volvo L120H Hjullaster', 2021, N'YV121563688');
INSERT INTO Machines (kundenummer, device_id, maskin_navn, aarsmodell, chassisnummer) VALUES (1027, N'NAS-1027-001', N'Takeuchi TB260 Minigraver', 2022, N'TKC22169113');
INSERT INTO Machines (kundenummer, device_id, maskin_navn, aarsmodell, chassisnummer) VALUES (1027, N'NAS-1027-002', N'Komatsu D65 Dozer', 2015, N'KMT15685066');
INSERT INTO Machines (kundenummer, device_id, maskin_navn, aarsmodell, chassisnummer) VALUES (1028, N'NAS-1028-001', N'Caterpillar 950M Hjullaster', 2023, N'CAT23948343');
INSERT INTO Machines (kundenummer, device_id, maskin_navn, aarsmodell, chassisnummer) VALUES (1028, N'NAS-1028-002', N'Caterpillar 950M Hjullaster', 2021, N'CAT21145814');
INSERT INTO Machines (kundenummer, device_id, maskin_navn, aarsmodell, chassisnummer) VALUES (1029, N'NAS-1029-001', N'JCB 3CX Lastemester', 2017, N'JCB17971415');
INSERT INTO Machines (kundenummer, device_id, maskin_navn, aarsmodell, chassisnummer) VALUES (1029, N'NAS-1029-002', N'Liebherr L566 Hjullaster', 2016, N'LBH16332823');
INSERT INTO Machines (kundenummer, device_id, maskin_navn, aarsmodell, chassisnummer) VALUES (1029, N'NAS-1029-003', N'Hitachi ZX350 Beltegraver', 2018, N'HCM18127965');
INSERT INTO Machines (kundenummer, device_id, maskin_navn, aarsmodell, chassisnummer) VALUES (1030, N'NAS-1030-001', N'Volvo A30G Dumper', 2015, N'YV115350021');
INSERT INTO Machines (kundenummer, device_id, maskin_navn, aarsmodell, chassisnummer) VALUES (1030, N'NAS-1030-002', N'Liebherr L566 Hjullaster', 2022, N'LBH22165858');
INSERT INTO Machines (kundenummer, device_id, maskin_navn, aarsmodell, chassisnummer) VALUES (1030, N'NAS-1030-003', N'Volvo A30G Dumper', 2022, N'YV122725726');
INSERT INTO Machines (kundenummer, device_id, maskin_navn, aarsmodell, chassisnummer) VALUES (1030, N'NAS-1030-004', N'JCB 220X Gravemaskin', 2017, N'JCB17762652');
INSERT INTO Machines (kundenummer, device_id, maskin_navn, aarsmodell, chassisnummer) VALUES (1030, N'NAS-1030-005', N'JCB 3CX Lastemester', 2024, N'JCB24353690');
INSERT INTO Machines (kundenummer, device_id, maskin_navn, aarsmodell, chassisnummer) VALUES (1030, N'NAS-1030-006', N'Atlas Copco FlexiROC Boremaskin', 2020, N'XXX20405420');
INSERT INTO Machines (kundenummer, device_id, maskin_navn, aarsmodell, chassisnummer) VALUES (1030, N'NAS-1030-007', N'Liebherr L566 Hjullaster', 2015, N'LBH15744674');
INSERT INTO Machines (kundenummer, device_id, maskin_navn, aarsmodell, chassisnummer) VALUES (1031, N'NAS-1031-001', N'Hitachi ZX350 Beltegraver', 2013, N'HCM13232361');
INSERT INTO Machines (kundenummer, device_id, maskin_navn, aarsmodell, chassisnummer) VALUES (1031, N'NAS-1031-002', N'Volvo L120H Hjullaster', 2017, N'YV117916332');
INSERT INTO Machines (kundenummer, device_id, maskin_navn, aarsmodell, chassisnummer) VALUES (1031, N'NAS-1031-003', N'Takeuchi TB260 Minigraver', 2022, N'TKC22479742');
INSERT INTO Machines (kundenummer, device_id, maskin_navn, aarsmodell, chassisnummer) VALUES (1031, N'NAS-1031-004', N'Liebherr LTM 1100 Mobilkran', 2022, N'LBH22133958');
INSERT INTO Machines (kundenummer, device_id, maskin_navn, aarsmodell, chassisnummer) VALUES (1031, N'NAS-1031-005', N'Hyundai HX300 Beltegraver', 2019, N'HYU19812048');
INSERT INTO Machines (kundenummer, device_id, maskin_navn, aarsmodell, chassisnummer) VALUES (1031, N'NAS-1031-006', N'Hitachi ZX350 Beltegraver', 2018, N'HCM18490084');
INSERT INTO Machines (kundenummer, device_id, maskin_navn, aarsmodell, chassisnummer) VALUES (1031, N'NAS-1031-007', N'Hitachi ZX350 Beltegraver', 2014, N'HCM14701800');
INSERT INTO Machines (kundenummer, device_id, maskin_navn, aarsmodell, chassisnummer) VALUES (1031, N'NAS-1031-008', N'Caterpillar 320 Beltegraver', 2021, N'CAT21484774');
INSERT INTO Machines (kundenummer, device_id, maskin_navn, aarsmodell, chassisnummer) VALUES (1031, N'NAS-1031-009', N'Liebherr LTM 1100 Mobilkran', 2020, N'LBH20781113');
INSERT INTO Machines (kundenummer, device_id, maskin_navn, aarsmodell, chassisnummer) VALUES (1031, N'NAS-1031-010', N'Komatsu PC210 Gravemaskin', 2015, N'KMT15218959');
INSERT INTO Machines (kundenummer, device_id, maskin_navn, aarsmodell, chassisnummer) VALUES (1032, N'NAS-1032-001', N'Takeuchi TB260 Minigraver', 2018, N'TKC18571832');
INSERT INTO Machines (kundenummer, device_id, maskin_navn, aarsmodell, chassisnummer) VALUES (1032, N'NAS-1032-002', N'Hitachi ZX350 Beltegraver', 2023, N'HCM23642491');
INSERT INTO Machines (kundenummer, device_id, maskin_navn, aarsmodell, chassisnummer) VALUES (1032, N'NAS-1032-003', N'Liebherr R920 Gravemaskin', 2018, N'LBH18969325');
INSERT INTO Machines (kundenummer, device_id, maskin_navn, aarsmodell, chassisnummer) VALUES (1032, N'NAS-1032-004', N'Epiroc SmartROC T40 Boremaskin', 2023, N'EPI23770872');
INSERT INTO Machines (kundenummer, device_id, maskin_navn, aarsmodell, chassisnummer) VALUES (1032, N'NAS-1032-005', N'Doosan DX225 Gravemaskin', 2018, N'DSN18905077');
INSERT INTO Machines (kundenummer, device_id, maskin_navn, aarsmodell, chassisnummer) VALUES (1032, N'NAS-1032-006', N'Caterpillar 320 Beltegraver', 2019, N'CAT19627290');
INSERT INTO Machines (kundenummer, device_id, maskin_navn, aarsmodell, chassisnummer) VALUES (1032, N'NAS-1032-007', N'Volvo EC350E Beltegraver', 2017, N'YV117643269');
INSERT INTO Machines (kundenummer, device_id, maskin_navn, aarsmodell, chassisnummer) VALUES (1033, N'NAS-1033-001', N'Liebherr L566 Hjullaster', 2018, N'LBH18267457');
INSERT INTO Machines (kundenummer, device_id, maskin_navn, aarsmodell, chassisnummer) VALUES (1033, N'NAS-1033-002', N'Komatsu D65 Dozer', 2019, N'KMT19299055');
INSERT INTO Machines (kundenummer, device_id, maskin_navn, aarsmodell, chassisnummer) VALUES (1033, N'NAS-1033-003', N'Epiroc SmartROC T40 Boremaskin', 2020, N'EPI20622469');
INSERT INTO Machines (kundenummer, device_id, maskin_navn, aarsmodell, chassisnummer) VALUES (1033, N'NAS-1033-004', N'JCB 3CX Lastemester', 2022, N'JCB22622987');
INSERT INTO Machines (kundenummer, device_id, maskin_navn, aarsmodell, chassisnummer) VALUES (1034, N'NAS-1034-001', N'JCB 220X Gravemaskin', 2020, N'JCB20480133');
INSERT INTO Machines (kundenummer, device_id, maskin_navn, aarsmodell, chassisnummer) VALUES (1034, N'NAS-1034-002', N'JCB 220X Gravemaskin', 2021, N'JCB21177103');
INSERT INTO Machines (kundenummer, device_id, maskin_navn, aarsmodell, chassisnummer) VALUES (1034, N'NAS-1034-003', N'Liebherr LTM 1100 Mobilkran', 2022, N'LBH22572230');
INSERT INTO Machines (kundenummer, device_id, maskin_navn, aarsmodell, chassisnummer) VALUES (1034, N'NAS-1034-004', N'Epiroc SmartROC T40 Boremaskin', 2023, N'EPI23393308');
INSERT INTO Machines (kundenummer, device_id, maskin_navn, aarsmodell, chassisnummer) VALUES (1034, N'NAS-1034-005', N'Hyundai HX300 Beltegraver', 2023, N'HYU23740725');
INSERT INTO Machines (kundenummer, device_id, maskin_navn, aarsmodell, chassisnummer) VALUES (1034, N'NAS-1034-006', N'Volvo A30G Dumper', 2017, N'YV117201377');
INSERT INTO Machines (kundenummer, device_id, maskin_navn, aarsmodell, chassisnummer) VALUES (1034, N'NAS-1034-007', N'Liebherr LTM 1100 Mobilkran', 2020, N'LBH20933510');
INSERT INTO Machines (kundenummer, device_id, maskin_navn, aarsmodell, chassisnummer) VALUES (1034, N'NAS-1034-008', N'Komatsu D65 Dozer', 2022, N'KMT22483366');
INSERT INTO Machines (kundenummer, device_id, maskin_navn, aarsmodell, chassisnummer) VALUES (1034, N'NAS-1034-009', N'Epiroc SmartROC T40 Boremaskin', 2020, N'EPI20308727');
INSERT INTO Machines (kundenummer, device_id, maskin_navn, aarsmodell, chassisnummer) VALUES (1035, N'NAS-1035-001', N'Kubota KX080 Minigraver', 2018, N'KBT18105433');
INSERT INTO Machines (kundenummer, device_id, maskin_navn, aarsmodell, chassisnummer) VALUES (1036, N'NAS-1036-001', N'Hitachi ZX210 Gravemaskin', 2024, N'HCM24309144');
INSERT INTO Machines (kundenummer, device_id, maskin_navn, aarsmodell, chassisnummer) VALUES (1036, N'NAS-1036-002', N'Epiroc SmartROC T40 Boremaskin', 2021, N'EPI21436768');
INSERT INTO Machines (kundenummer, device_id, maskin_navn, aarsmodell, chassisnummer) VALUES (1036, N'NAS-1036-003', N'Komatsu WA380 Hjullaster', 2015, N'KMT15906066');
INSERT INTO Machines (kundenummer, device_id, maskin_navn, aarsmodell, chassisnummer) VALUES (1036, N'NAS-1036-004', N'Volvo L120H Hjullaster', 2023, N'YV123343500');
INSERT INTO Machines (kundenummer, device_id, maskin_navn, aarsmodell, chassisnummer) VALUES (1036, N'NAS-1036-005', N'JCB 220X Gravemaskin', 2017, N'JCB17283568');
INSERT INTO Machines (kundenummer, device_id, maskin_navn, aarsmodell, chassisnummer) VALUES (1036, N'NAS-1036-006', N'Liebherr L566 Hjullaster', 2017, N'LBH17138105');
INSERT INTO Machines (kundenummer, device_id, maskin_navn, aarsmodell, chassisnummer) VALUES (1036, N'NAS-1036-007', N'Liebherr LTM 1100 Mobilkran', 2024, N'LBH24619447');
INSERT INTO Machines (kundenummer, device_id, maskin_navn, aarsmodell, chassisnummer) VALUES (1036, N'NAS-1036-008', N'Caterpillar 950M Hjullaster', 2018, N'CAT18139286');
INSERT INTO Machines (kundenummer, device_id, maskin_navn, aarsmodell, chassisnummer) VALUES (1037, N'NAS-1037-001', N'Volvo A30G Dumper', 2022, N'YV122421709');
INSERT INTO Machines (kundenummer, device_id, maskin_navn, aarsmodell, chassisnummer) VALUES (1037, N'NAS-1037-002', N'Caterpillar 950M Hjullaster', 2020, N'CAT20819400');
INSERT INTO Machines (kundenummer, device_id, maskin_navn, aarsmodell, chassisnummer) VALUES (1037, N'NAS-1037-003', N'JCB 3CX Lastemester', 2019, N'JCB19823821');
INSERT INTO Machines (kundenummer, device_id, maskin_navn, aarsmodell, chassisnummer) VALUES (1037, N'NAS-1037-004', N'Volvo A30G Dumper', 2019, N'YV119485397');
INSERT INTO Machines (kundenummer, device_id, maskin_navn, aarsmodell, chassisnummer) VALUES (1037, N'NAS-1037-005', N'Hyundai HX300 Beltegraver', 2019, N'HYU19329772');
INSERT INTO Machines (kundenummer, device_id, maskin_navn, aarsmodell, chassisnummer) VALUES (1037, N'NAS-1037-006', N'Caterpillar 320 Beltegraver', 2020, N'CAT20260626');
INSERT INTO Machines (kundenummer, device_id, maskin_navn, aarsmodell, chassisnummer) VALUES (1037, N'NAS-1037-007', N'Hitachi ZX350 Beltegraver', 2022, N'HCM22491774');
INSERT INTO Machines (kundenummer, device_id, maskin_navn, aarsmodell, chassisnummer) VALUES (1037, N'NAS-1037-008', N'Liebherr L566 Hjullaster', 2023, N'LBH23593699');
INSERT INTO Machines (kundenummer, device_id, maskin_navn, aarsmodell, chassisnummer) VALUES (1037, N'NAS-1037-009', N'Epiroc SmartROC T40 Boremaskin', 2023, N'EPI23940952');
INSERT INTO Machines (kundenummer, device_id, maskin_navn, aarsmodell, chassisnummer) VALUES (1037, N'NAS-1037-010', N'Kubota KX080 Minigraver', 2019, N'KBT19898867');
INSERT INTO Machines (kundenummer, device_id, maskin_navn, aarsmodell, chassisnummer) VALUES (1038, N'NAS-1038-001', N'Volvo L120H Hjullaster', 2015, N'YV115722795');
INSERT INTO Machines (kundenummer, device_id, maskin_navn, aarsmodell, chassisnummer) VALUES (1039, N'NAS-1039-001', N'Atlas Copco FlexiROC Boremaskin', 2019, N'XXX19356622');
INSERT INTO Machines (kundenummer, device_id, maskin_navn, aarsmodell, chassisnummer) VALUES (1039, N'NAS-1039-002', N'Sandvik DR410i Boremaskin', 2020, N'SVK20521805');
INSERT INTO Machines (kundenummer, device_id, maskin_navn, aarsmodell, chassisnummer) VALUES (1039, N'NAS-1039-003', N'Hitachi ZX350 Beltegraver', 2016, N'HCM16665979');
INSERT INTO Machines (kundenummer, device_id, maskin_navn, aarsmodell, chassisnummer) VALUES (1039, N'NAS-1039-004', N'Caterpillar D6 Dozer', 2016, N'CAT16246942');
INSERT INTO Machines (kundenummer, device_id, maskin_navn, aarsmodell, chassisnummer) VALUES (1040, N'NAS-1040-001', N'Komatsu PC210 Gravemaskin', 2015, N'KMT15446305');
INSERT INTO Machines (kundenummer, device_id, maskin_navn, aarsmodell, chassisnummer) VALUES (1040, N'NAS-1040-002', N'Takeuchi TB260 Minigraver', 2018, N'TKC18571635');
INSERT INTO Machines (kundenummer, device_id, maskin_navn, aarsmodell, chassisnummer) VALUES (1040, N'NAS-1040-003', N'Liebherr R920 Gravemaskin', 2017, N'LBH17661654');
INSERT INTO Machines (kundenummer, device_id, maskin_navn, aarsmodell, chassisnummer) VALUES (1040, N'NAS-1040-004', N'Sandvik DR410i Boremaskin', 2021, N'SVK21154040');
INSERT INTO Machines (kundenummer, device_id, maskin_navn, aarsmodell, chassisnummer) VALUES (1040, N'NAS-1040-005', N'Komatsu PC210 Gravemaskin', 2018, N'KMT18806396');
INSERT INTO Machines (kundenummer, device_id, maskin_navn, aarsmodell, chassisnummer) VALUES (1040, N'NAS-1040-006', N'Hyundai HX300 Beltegraver', 2022, N'HYU22141468');
INSERT INTO Machines (kundenummer, device_id, maskin_navn, aarsmodell, chassisnummer) VALUES (1041, N'NAS-1041-001', N'Volvo L120H Hjullaster', 2014, N'YV114901467');
INSERT INTO Machines (kundenummer, device_id, maskin_navn, aarsmodell, chassisnummer) VALUES (1042, N'NAS-1042-001', N'Caterpillar 745 Dumper', 2018, N'CAT18841521');
INSERT INTO Machines (kundenummer, device_id, maskin_navn, aarsmodell, chassisnummer) VALUES (1042, N'NAS-1042-002', N'Caterpillar 320 Beltegraver', 2013, N'CAT13329344');
INSERT INTO Machines (kundenummer, device_id, maskin_navn, aarsmodell, chassisnummer) VALUES (1042, N'NAS-1042-003', N'JCB 3CX Lastemester', 2022, N'JCB22491329');
INSERT INTO Machines (kundenummer, device_id, maskin_navn, aarsmodell, chassisnummer) VALUES (1042, N'NAS-1042-004', N'Volvo EC350E Beltegraver', 2023, N'YV123791309');
INSERT INTO Machines (kundenummer, device_id, maskin_navn, aarsmodell, chassisnummer) VALUES (1043, N'NAS-1043-001', N'Liebherr LTM 1100 Mobilkran', 2021, N'LBH21679549');
INSERT INTO Machines (kundenummer, device_id, maskin_navn, aarsmodell, chassisnummer) VALUES (1044, N'NAS-1044-001', N'Doosan DX225 Gravemaskin', 2017, N'DSN17653815');
INSERT INTO Machines (kundenummer, device_id, maskin_navn, aarsmodell, chassisnummer) VALUES (1045, N'NAS-1045-001', N'Komatsu PC210 Gravemaskin', 2012, N'KMT12177959');
INSERT INTO Machines (kundenummer, device_id, maskin_navn, aarsmodell, chassisnummer) VALUES (1046, N'NAS-1046-001', N'Komatsu WA380 Hjullaster', 2017, N'KMT17691353');
INSERT INTO Machines (kundenummer, device_id, maskin_navn, aarsmodell, chassisnummer) VALUES (1046, N'NAS-1046-002', N'Caterpillar 745 Dumper', 2023, N'CAT23809922');
INSERT INTO Machines (kundenummer, device_id, maskin_navn, aarsmodell, chassisnummer) VALUES (1047, N'NAS-1047-001', N'Komatsu WA380 Hjullaster', 2022, N'KMT22477400');
INSERT INTO Machines (kundenummer, device_id, maskin_navn, aarsmodell, chassisnummer) VALUES (1047, N'NAS-1047-002', N'Epiroc SmartROC T40 Boremaskin', 2021, N'EPI21207197');
INSERT INTO Machines (kundenummer, device_id, maskin_navn, aarsmodell, chassisnummer) VALUES (1048, N'NAS-1048-001', N'Caterpillar 320 Beltegraver', 2017, N'CAT17415759');
INSERT INTO Machines (kundenummer, device_id, maskin_navn, aarsmodell, chassisnummer) VALUES (1049, N'NAS-1049-001', N'Hitachi ZX210 Gravemaskin', 2015, N'HCM15478666');
INSERT INTO Machines (kundenummer, device_id, maskin_navn, aarsmodell, chassisnummer) VALUES (1050, N'NAS-1050-001', N'Liebherr LTM 1100 Mobilkran', 2020, N'LBH20982495');
INSERT INTO Machines (kundenummer, device_id, maskin_navn, aarsmodell, chassisnummer) VALUES (1050, N'NAS-1050-002', N'Hyundai HX300 Beltegraver', 2021, N'HYU21943135');
INSERT INTO Machines (kundenummer, device_id, maskin_navn, aarsmodell, chassisnummer) VALUES (1050, N'NAS-1050-003', N'Komatsu D65 Dozer', 2021, N'KMT21450996');
INSERT INTO Machines (kundenummer, device_id, maskin_navn, aarsmodell, chassisnummer) VALUES (1050, N'NAS-1050-004', N'Liebherr L566 Hjullaster', 2017, N'LBH17415029');
INSERT INTO Machines (kundenummer, device_id, maskin_navn, aarsmodell, chassisnummer) VALUES (1050, N'NAS-1050-005', N'Komatsu D65 Dozer', 2017, N'KMT17602278');

-- Orders
INSERT INTO Orders (kundenummer, ordrenummer, ordretype, beskrivelse, device_id, status, opprettet_dato, symptomer_feil) VALUES (1001, N'ORD-10001', N'Service', N'Aarlig service og vedlikehold', N'NAS-1001-001', N'Ferdig', '2022-06-13', N'Boomcylinder har intern lekkasje');
INSERT INTO Orders (kundenummer, ordrenummer, ordretype, beskrivelse, device_id, status, opprettet_dato, symptomer_feil) VALUES (1001, N'ORD-10002', N'Reparasjon', N'Ettermontering av kamera/sensor', N'NAS-1001-001', N'Avsluttet', '2023-07-24', N'Styresylinder lekker olje');
INSERT INTO Orders (kundenummer, ordrenummer, ordretype, beskrivelse, device_id, status, opprettet_dato, symptomer_feil) VALUES (1001, N'ORD-10003', N'Garanti', N'Garantireparasjon ihht. avtale', N'NAS-1001-002', N'Ferdig', '2023-03-06', N'Hjullager paa venstre side slitt');
INSERT INTO Orders (kundenummer, ordrenummer, ordretype, beskrivelse, device_id, status, opprettet_dato, symptomer_feil) VALUES (1001, N'ORD-10004', N'Garanti', N'Reparasjon etter transportskade', N'NAS-1001-001', N'Under behandling', '2024-12-29', N'Vindusvisker defekt');
INSERT INTO Orders (kundenummer, ordrenummer, ordretype, beskrivelse, device_id, status, opprettet_dato, symptomer_feil) VALUES (1002, N'ORD-10005', N'Reparasjon', N'Ettermontering av kamera/sensor', N'NAS-1002-001', N'Ferdig', '2024-04-01', N'Elektrisk feil i styringssystem');
INSERT INTO Orders (kundenummer, ordrenummer, ordretype, beskrivelse, device_id, status, opprettet_dato, symptomer_feil) VALUES (1002, N'ORD-10006', N'Service', N'Bestilling av slitedeler', N'NAS-1002-003', N'Ferdig', '2023-03-12', N'Dieselfilter tett - hoeyt drivstofforbruk');
INSERT INTO Orders (kundenummer, ordrenummer, ordretype, beskrivelse, device_id, status, opprettet_dato, symptomer_feil) VALUES (1002, N'ORD-10007', N'Deler', N'Planlagt 2000-timers service', N'NAS-1002-003', N'Avsluttet', '2022-10-20', N'');
INSERT INTO Orders (kundenummer, ordrenummer, ordretype, beskrivelse, device_id, status, opprettet_dato, symptomer_feil) VALUES (1003, N'ORD-10008', N'Deler', N'Planlagt 1000-timers service', N'NAS-1003-001', N'Under behandling', '2024-11-09', N'');
INSERT INTO Orders (kundenummer, ordrenummer, ordretype, beskrivelse, device_id, status, opprettet_dato, symptomer_feil) VALUES (1003, N'ORD-10009', N'Deler', N'Akutt reparasjon - maskin stoppet paa anlegg', N'NAS-1003-001', N'Mottatt', '2022-11-10', N'');
INSERT INTO Orders (kundenummer, ordrenummer, ordretype, beskrivelse, device_id, status, opprettet_dato, symptomer_feil) VALUES (1003, N'ORD-10010', N'Reparasjon', N'Bytte av understellskomponenter', N'NAS-1003-002', N'Mottatt', '2024-02-28', N'Svinglager har unormal slitasje');
INSERT INTO Orders (kundenummer, ordrenummer, ordretype, beskrivelse, device_id, status, opprettet_dato, symptomer_feil) VALUES (1003, N'ORD-10011', N'Deler', N'Oppgradering av maskinutstyr', N'NAS-1003-002', N'Mottatt', '2022-08-23', N'');
INSERT INTO Orders (kundenummer, ordrenummer, ordretype, beskrivelse, device_id, status, opprettet_dato, symptomer_feil) VALUES (1003, N'ORD-10012', N'Garanti', N'Bytte av understellskomponenter', N'NAS-1003-002', N'Mottatt', '2023-08-25', N'Eksosutslipp over tillatte verdier');
INSERT INTO Orders (kundenummer, ordrenummer, ordretype, beskrivelse, device_id, status, opprettet_dato, symptomer_feil) VALUES (1003, N'ORD-10013', N'Reparasjon', N'Inspeksjon etter hendelse', N'NAS-1003-001', N'Ferdig', '2024-10-22', N'Setedemping slitt - vibrasjonsproblem');
INSERT INTO Orders (kundenummer, ordrenummer, ordretype, beskrivelse, device_id, status, opprettet_dato, symptomer_feil) VALUES (1005, N'ORD-10014', N'Deler', N'Aarlig service og vedlikehold', N'NAS-1005-001', N'Ferdig', '2023-09-22', N'');
INSERT INTO Orders (kundenummer, ordrenummer, ordretype, beskrivelse, device_id, status, opprettet_dato, symptomer_feil) VALUES (1006, N'ORD-10015', N'Reparasjon', N'Sesongklargjoring for vinterbruk', N'NAS-1006-005', N'Under behandling', '2023-10-01', N'Svinglager har unormal slitasje');
INSERT INTO Orders (kundenummer, ordrenummer, ordretype, beskrivelse, device_id, status, opprettet_dato, symptomer_feil) VALUES (1006, N'ORD-10016', N'Garanti', N'Inspeksjon etter hendelse', N'NAS-1006-005', N'Avsluttet', '2022-09-05', N'Sprekk i frontrute');
INSERT INTO Orders (kundenummer, ordrenummer, ordretype, beskrivelse, device_id, status, opprettet_dato, symptomer_feil) VALUES (1006, N'ORD-10017', N'Reparasjon', N'Akutt reparasjon - maskin stoppet paa anlegg', N'NAS-1006-003', N'Mottatt', '2025-02-08', N'Sprekk i frontrute');
INSERT INTO Orders (kundenummer, ordrenummer, ordretype, beskrivelse, device_id, status, opprettet_dato, symptomer_feil) VALUES (1006, N'ORD-10018', N'Reparasjon', N'Aarlig service og vedlikehold', N'NAS-1006-001', N'Mottatt', '2023-04-14', N'Slitasje paa beltekjede');
INSERT INTO Orders (kundenummer, ordrenummer, ordretype, beskrivelse, device_id, status, opprettet_dato, symptomer_feil) VALUES (1006, N'ORD-10019', N'Service', N'Ettermontering av kamera/sensor', N'NAS-1006-003', N'Mottatt', '2024-11-18', N'Sprekk i frontrute');
INSERT INTO Orders (kundenummer, ordrenummer, ordretype, beskrivelse, device_id, status, opprettet_dato, symptomer_feil) VALUES (1006, N'ORD-10020', N'Garanti', N'Motoroverhaling', N'NAS-1006-004', N'Under behandling', '2025-01-09', N'Oljetrykk-varsel paa dashboard');
INSERT INTO Orders (kundenummer, ordrenummer, ordretype, beskrivelse, device_id, status, opprettet_dato, symptomer_feil) VALUES (1006, N'ORD-10021', N'Deler', N'Bestilling av slitedeler', N'NAS-1006-004', N'Avsluttet', '2023-01-25', N'');
INSERT INTO Orders (kundenummer, ordrenummer, ordretype, beskrivelse, device_id, status, opprettet_dato, symptomer_feil) VALUES (1006, N'ORD-10022', N'Service', N'Akutt reparasjon - maskin stoppet paa anlegg', N'NAS-1006-006', N'Avsluttet', '2023-12-27', N'Eksosutslipp over tillatte verdier');
INSERT INTO Orders (kundenummer, ordrenummer, ordretype, beskrivelse, device_id, status, opprettet_dato, symptomer_feil) VALUES (1006, N'ORD-10023', N'Deler', N'Inspeksjon etter hendelse', N'NAS-1006-006', N'Mottatt', '2022-07-21', N'');
INSERT INTO Orders (kundenummer, ordrenummer, ordretype, beskrivelse, device_id, status, opprettet_dato, symptomer_feil) VALUES (1006, N'ORD-10024', N'Service', N'Planlagt 2000-timers service', N'NAS-1006-006', N'Ferdig', '2022-08-12', N'Sprekk i frontrute');
INSERT INTO Orders (kundenummer, ordrenummer, ordretype, beskrivelse, device_id, status, opprettet_dato, symptomer_feil) VALUES (1006, N'ORD-10025', N'Reparasjon', N'Bestilling av slitedeler', N'NAS-1006-005', N'Avsluttet', '2022-10-15', N'Eksosutslipp over tillatte verdier');
INSERT INTO Orders (kundenummer, ordrenummer, ordretype, beskrivelse, device_id, status, opprettet_dato, symptomer_feil) VALUES (1006, N'ORD-10026', N'Reparasjon', N'Planlagt 500-timers service', N'NAS-1006-004', N'Under behandling', '2022-06-04', N'Styresylinder lekker olje');
INSERT INTO Orders (kundenummer, ordrenummer, ordretype, beskrivelse, device_id, status, opprettet_dato, symptomer_feil) VALUES (1006, N'ORD-10027', N'Service', N'Aarlig service og vedlikehold', N'NAS-1006-006', N'Mottatt', '2022-07-11', N'Parkeringsbrems loesner ikke');
INSERT INTO Orders (kundenummer, ordrenummer, ordretype, beskrivelse, device_id, status, opprettet_dato, symptomer_feil) VALUES (1006, N'ORD-10028', N'Reparasjon', N'Garantireparasjon ihht. avtale', N'NAS-1006-004', N'Avsluttet', '2024-09-12', N'Aircondition fungerer ikke');
INSERT INTO Orders (kundenummer, ordrenummer, ordretype, beskrivelse, device_id, status, opprettet_dato, symptomer_feil) VALUES (1006, N'ORD-10029', N'Deler', N'Sesongklargjoring for vinterbruk', N'NAS-1006-001', N'Under behandling', '2024-02-16', N'');
INSERT INTO Orders (kundenummer, ordrenummer, ordretype, beskrivelse, device_id, status, opprettet_dato, symptomer_feil) VALUES (1006, N'ORD-10030', N'Service', N'Planlagt 2000-timers service', N'NAS-1006-003', N'Avsluttet', '2023-08-08', N'Eksosutslipp over tillatte verdier');
INSERT INTO Orders (kundenummer, ordrenummer, ordretype, beskrivelse, device_id, status, opprettet_dato, symptomer_feil) VALUES (1006, N'ORD-10031', N'Deler', N'Garantireparasjon ihht. avtale', N'NAS-1006-002', N'Ferdig', '2023-03-22', N'');
INSERT INTO Orders (kundenummer, ordrenummer, ordretype, beskrivelse, device_id, status, opprettet_dato, symptomer_feil) VALUES (1006, N'ORD-10032', N'Service', N'Utskifting av hydraulikkslanger', N'NAS-1006-006', N'Mottatt', '2023-10-05', N'Motor starter ikke ved lave temperaturer');
INSERT INTO Orders (kundenummer, ordrenummer, ordretype, beskrivelse, device_id, status, opprettet_dato, symptomer_feil) VALUES (1006, N'ORD-10033', N'Service', N'Utskifting av hydraulikkslanger', N'NAS-1006-004', N'Under behandling', '2022-04-27', N'Grabbrotator reagerer tregt');
INSERT INTO Orders (kundenummer, ordrenummer, ordretype, beskrivelse, device_id, status, opprettet_dato, symptomer_feil) VALUES (1006, N'ORD-10034', N'Service', N'Ettermontering av kamera/sensor', N'NAS-1006-002', N'Mottatt', '2022-05-20', N'Hjullager paa venstre side slitt');
INSERT INTO Orders (kundenummer, ordrenummer, ordretype, beskrivelse, device_id, status, opprettet_dato, symptomer_feil) VALUES (1006, N'ORD-10035', N'Reparasjon', N'Planlagt 2000-timers service', N'NAS-1006-001', N'Under behandling', '2025-03-31', N'Slitasje paa tenner paa skuffe');
INSERT INTO Orders (kundenummer, ordrenummer, ordretype, beskrivelse, device_id, status, opprettet_dato, symptomer_feil) VALUES (1006, N'ORD-10036', N'Service', N'Utskifting av hydraulikkslanger', N'NAS-1006-001', N'Avsluttet', '2025-03-03', N'Grabbrotator reagerer tregt');
INSERT INTO Orders (kundenummer, ordrenummer, ordretype, beskrivelse, device_id, status, opprettet_dato, symptomer_feil) VALUES (1006, N'ORD-10037', N'Garanti', N'Sesongklargjoring for vinterbruk', N'NAS-1006-003', N'Under behandling', '2023-10-06', N'Sprekk i frontrute');
INSERT INTO Orders (kundenummer, ordrenummer, ordretype, beskrivelse, device_id, status, opprettet_dato, symptomer_feil) VALUES (1007, N'ORD-10038', N'Service', N'Akutt reparasjon - maskin stoppet paa anlegg', N'NAS-1007-001', N'Ferdig', '2022-09-29', N'Parkeringsbrems loesner ikke');
INSERT INTO Orders (kundenummer, ordrenummer, ordretype, beskrivelse, device_id, status, opprettet_dato, symptomer_feil) VALUES (1007, N'ORD-10039', N'Garanti', N'Sesongklargjoring for vinterbruk', N'NAS-1007-001', N'Under behandling', '2024-01-27', N'Bremsesystem trenger justering');
INSERT INTO Orders (kundenummer, ordrenummer, ordretype, beskrivelse, device_id, status, opprettet_dato, symptomer_feil) VALUES (1007, N'ORD-10040', N'Reparasjon', N'Inspeksjon etter hendelse', N'NAS-1007-002', N'Mottatt', '2025-02-09', N'Bremsesystem trenger justering');
INSERT INTO Orders (kundenummer, ordrenummer, ordretype, beskrivelse, device_id, status, opprettet_dato, symptomer_feil) VALUES (1007, N'ORD-10041', N'Service', N'Sesongklargjoring for vinterbruk', N'NAS-1007-001', N'Ferdig', '2022-08-25', N'Joystick reagerer ujevnt');
INSERT INTO Orders (kundenummer, ordrenummer, ordretype, beskrivelse, device_id, status, opprettet_dato, symptomer_feil) VALUES (1007, N'ORD-10042', N'Service', N'Reparasjon etter transportskade', N'NAS-1007-001', N'Ferdig', '2023-08-01', N'Slitasje paa tenner paa skuffe');
INSERT INTO Orders (kundenummer, ordrenummer, ordretype, beskrivelse, device_id, status, opprettet_dato, symptomer_feil) VALUES (1007, N'ORD-10043', N'Reparasjon', N'Reparasjon etter transportskade', N'NAS-1007-002', N'Under behandling', '2023-06-25', N'Grabbrotator reagerer tregt');
INSERT INTO Orders (kundenummer, ordrenummer, ordretype, beskrivelse, device_id, status, opprettet_dato, symptomer_feil) VALUES (1008, N'ORD-10044', N'Service', N'Aarlig service og vedlikehold', N'NAS-1008-001', N'Under behandling', '2023-06-21', N'Knekkledd har for mye slark');
INSERT INTO Orders (kundenummer, ordrenummer, ordretype, beskrivelse, device_id, status, opprettet_dato, symptomer_feil) VALUES (1009, N'ORD-10045', N'Reparasjon', N'Aarlig service og vedlikehold', N'NAS-1009-003', N'Ferdig', '2022-03-23', N'Joystick reagerer ujevnt');
INSERT INTO Orders (kundenummer, ordrenummer, ordretype, beskrivelse, device_id, status, opprettet_dato, symptomer_feil) VALUES (1009, N'ORD-10046', N'Garanti', N'Bestilling av slitedeler', N'NAS-1009-002', N'Mottatt', '2023-12-26', N'Setedemping slitt - vibrasjonsproblem');
INSERT INTO Orders (kundenummer, ordrenummer, ordretype, beskrivelse, device_id, status, opprettet_dato, symptomer_feil) VALUES (1009, N'ORD-10047', N'Deler', N'Utskifting av hydraulikkslanger', N'NAS-1009-002', N'Under behandling', '2022-11-29', N'');
INSERT INTO Orders (kundenummer, ordrenummer, ordretype, beskrivelse, device_id, status, opprettet_dato, symptomer_feil) VALUES (1009, N'ORD-10048', N'Reparasjon', N'Sesongklargjoring for vinterbruk', N'NAS-1009-004', N'Mottatt', '2023-01-03', N'Vindusvisker defekt');
INSERT INTO Orders (kundenummer, ordrenummer, ordretype, beskrivelse, device_id, status, opprettet_dato, symptomer_feil) VALUES (1009, N'ORD-10049', N'Garanti', N'Bytte av understellskomponenter', N'NAS-1009-004', N'Under behandling', '2023-07-01', N'Knekkledd har for mye slark');
INSERT INTO Orders (kundenummer, ordrenummer, ordretype, beskrivelse, device_id, status, opprettet_dato, symptomer_feil) VALUES (1009, N'ORD-10050', N'Service', N'Planlagt 2000-timers service', N'NAS-1009-001', N'Avsluttet', '2023-04-01', N'Aircondition fungerer ikke');
INSERT INTO Orders (kundenummer, ordrenummer, ordretype, beskrivelse, device_id, status, opprettet_dato, symptomer_feil) VALUES (1010, N'ORD-10051', N'Garanti', N'Motoroverhaling', N'NAS-1010-003', N'Avsluttet', '2025-01-03', N'Turbo gir lavere effekt enn normalt');
INSERT INTO Orders (kundenummer, ordrenummer, ordretype, beskrivelse, device_id, status, opprettet_dato, symptomer_feil) VALUES (1010, N'ORD-10052', N'Service', N'Akutt reparasjon - maskin stoppet paa anlegg', N'NAS-1010-002', N'Under behandling', '2025-04-04', N'Elektrisk feil i styringssystem');
INSERT INTO Orders (kundenummer, ordrenummer, ordretype, beskrivelse, device_id, status, opprettet_dato, symptomer_feil) VALUES (1010, N'ORD-10053', N'Service', N'Akutt reparasjon - maskin stoppet paa anlegg', N'NAS-1010-003', N'Avsluttet', '2023-12-09', N'Vindusvisker defekt');
INSERT INTO Orders (kundenummer, ordrenummer, ordretype, beskrivelse, device_id, status, opprettet_dato, symptomer_feil) VALUES (1010, N'ORD-10054', N'Garanti', N'Planlagt 2000-timers service', N'NAS-1010-003', N'Mottatt', '2024-02-28', N'Joystick reagerer ujevnt');
INSERT INTO Orders (kundenummer, ordrenummer, ordretype, beskrivelse, device_id, status, opprettet_dato, symptomer_feil) VALUES (1010, N'ORD-10055', N'Reparasjon', N'Planlagt 500-timers service', N'NAS-1010-001', N'Avsluttet', '2022-01-04', N'Grabbrotator reagerer tregt');
INSERT INTO Orders (kundenummer, ordrenummer, ordretype, beskrivelse, device_id, status, opprettet_dato, symptomer_feil) VALUES (1011, N'ORD-10056', N'Deler', N'Planlagt 1000-timers service', N'NAS-1011-002', N'Ferdig', '2025-02-09', N'');
INSERT INTO Orders (kundenummer, ordrenummer, ordretype, beskrivelse, device_id, status, opprettet_dato, symptomer_feil) VALUES (1011, N'ORD-10057', N'Reparasjon', N'Bestilling av slitedeler', N'NAS-1011-002', N'Avsluttet', '2022-12-23', N'Slitasje paa tenner paa skuffe');
INSERT INTO Orders (kundenummer, ordrenummer, ordretype, beskrivelse, device_id, status, opprettet_dato, symptomer_feil) VALUES (1011, N'ORD-10058', N'Garanti', N'Planlagt 2000-timers service', N'NAS-1011-003', N'Mottatt', '2023-09-15', N'Bremsesystem trenger justering');
INSERT INTO Orders (kundenummer, ordrenummer, ordretype, beskrivelse, device_id, status, opprettet_dato, symptomer_feil) VALUES (1011, N'ORD-10059', N'Reparasjon', N'Planlagt 2000-timers service', N'NAS-1011-003', N'Ferdig', '2024-08-10', N'Styresylinder lekker olje');
INSERT INTO Orders (kundenummer, ordrenummer, ordretype, beskrivelse, device_id, status, opprettet_dato, symptomer_feil) VALUES (1011, N'ORD-10060', N'Deler', N'Motoroverhaling', N'NAS-1011-001', N'Avsluttet', '2022-12-14', N'');
INSERT INTO Orders (kundenummer, ordrenummer, ordretype, beskrivelse, device_id, status, opprettet_dato, symptomer_feil) VALUES (1011, N'ORD-10061', N'Service', N'Planlagt 500-timers service', N'NAS-1011-003', N'Ferdig', '2022-07-11', N'Topplanpakning lekker');
INSERT INTO Orders (kundenummer, ordrenummer, ordretype, beskrivelse, device_id, status, opprettet_dato, symptomer_feil) VALUES (1011, N'ORD-10062', N'Reparasjon', N'Motoroverhaling', N'NAS-1011-002', N'Under behandling', '2023-02-12', N'Oljetrykk-varsel paa dashboard');
INSERT INTO Orders (kundenummer, ordrenummer, ordretype, beskrivelse, device_id, status, opprettet_dato, symptomer_feil) VALUES (1011, N'ORD-10063', N'Service', N'Aarlig service og vedlikehold', N'NAS-1011-001', N'Avsluttet', '2022-05-30', N'Styresylinder lekker olje');
INSERT INTO Orders (kundenummer, ordrenummer, ordretype, beskrivelse, device_id, status, opprettet_dato, symptomer_feil) VALUES (1012, N'ORD-10064', N'Reparasjon', N'Garantireparasjon ihht. avtale', N'NAS-1012-004', N'Mottatt', '2025-02-15', N'Sprekk i frontrute');
INSERT INTO Orders (kundenummer, ordrenummer, ordretype, beskrivelse, device_id, status, opprettet_dato, symptomer_feil) VALUES (1012, N'ORD-10065', N'Service', N'Inspeksjon etter hendelse', N'NAS-1012-002', N'Avsluttet', '2024-12-23', N'Hydraulikkpumpe gir redusert trykk');
INSERT INTO Orders (kundenummer, ordrenummer, ordretype, beskrivelse, device_id, status, opprettet_dato, symptomer_feil) VALUES (1012, N'ORD-10066', N'Garanti', N'Bytte av understellskomponenter', N'NAS-1012-004', N'Avsluttet', '2025-01-27', N'Styresylinder lekker olje');
INSERT INTO Orders (kundenummer, ordrenummer, ordretype, beskrivelse, device_id, status, opprettet_dato, symptomer_feil) VALUES (1012, N'ORD-10067', N'Reparasjon', N'Reparasjon etter transportskade', N'NAS-1012-004', N'Avsluttet', '2023-06-15', N'Setedemping slitt - vibrasjonsproblem');
INSERT INTO Orders (kundenummer, ordrenummer, ordretype, beskrivelse, device_id, status, opprettet_dato, symptomer_feil) VALUES (1012, N'ORD-10068', N'Reparasjon', N'Ettermontering av kamera/sensor', N'NAS-1012-003', N'Avsluttet', '2023-05-05', N'Elektrisk feil i styringssystem');
INSERT INTO Orders (kundenummer, ordrenummer, ordretype, beskrivelse, device_id, status, opprettet_dato, symptomer_feil) VALUES (1012, N'ORD-10069', N'Deler', N'Akutt reparasjon - maskin stoppet paa anlegg', N'NAS-1012-003', N'Under behandling', '2023-07-11', N'');
INSERT INTO Orders (kundenummer, ordrenummer, ordretype, beskrivelse, device_id, status, opprettet_dato, symptomer_feil) VALUES (1013, N'ORD-10070', N'Reparasjon', N'Reparasjon etter transportskade', N'NAS-1013-001', N'Mottatt', '2024-04-29', N'Eksosutslipp over tillatte verdier');
INSERT INTO Orders (kundenummer, ordrenummer, ordretype, beskrivelse, device_id, status, opprettet_dato, symptomer_feil) VALUES (1014, N'ORD-10071', N'Deler', N'Sesongklargjoring for vinterbruk', N'NAS-1014-001', N'Avsluttet', '2024-09-03', N'');
INSERT INTO Orders (kundenummer, ordrenummer, ordretype, beskrivelse, device_id, status, opprettet_dato, symptomer_feil) VALUES (1015, N'ORD-10072', N'Deler', N'Sesongklargjoring for vinterbruk', N'NAS-1015-002', N'Mottatt', '2024-03-17', N'');
INSERT INTO Orders (kundenummer, ordrenummer, ordretype, beskrivelse, device_id, status, opprettet_dato, symptomer_feil) VALUES (1015, N'ORD-10073', N'Service', N'Akutt reparasjon - maskin stoppet paa anlegg', N'NAS-1015-006', N'Avsluttet', '2022-10-05', N'Boomcylinder har intern lekkasje');
INSERT INTO Orders (kundenummer, ordrenummer, ordretype, beskrivelse, device_id, status, opprettet_dato, symptomer_feil) VALUES (1015, N'ORD-10074', N'Deler', N'Garantireparasjon ihht. avtale', N'NAS-1015-001', N'Ferdig', '2024-02-16', N'');
INSERT INTO Orders (kundenummer, ordrenummer, ordretype, beskrivelse, device_id, status, opprettet_dato, symptomer_feil) VALUES (1015, N'ORD-10075', N'Garanti', N'Bestilling av slitedeler', N'NAS-1015-004', N'Ferdig', '2023-11-23', N'Setedemping slitt - vibrasjonsproblem');
INSERT INTO Orders (kundenummer, ordrenummer, ordretype, beskrivelse, device_id, status, opprettet_dato, symptomer_feil) VALUES (1015, N'ORD-10076', N'Deler', N'Planlagt 500-timers service', N'NAS-1015-007', N'Avsluttet', '2023-06-01', N'');
INSERT INTO Orders (kundenummer, ordrenummer, ordretype, beskrivelse, device_id, status, opprettet_dato, symptomer_feil) VALUES (1015, N'ORD-10077', N'Service', N'Inspeksjon etter hendelse', N'NAS-1015-001', N'Mottatt', '2023-12-18', N'Sprekk i frontrute');
INSERT INTO Orders (kundenummer, ordrenummer, ordretype, beskrivelse, device_id, status, opprettet_dato, symptomer_feil) VALUES (1015, N'ORD-10078', N'Service', N'Bytte av understellskomponenter', N'NAS-1015-006', N'Mottatt', '2022-03-05', N'Sprekk i frontrute');
INSERT INTO Orders (kundenummer, ordrenummer, ordretype, beskrivelse, device_id, status, opprettet_dato, symptomer_feil) VALUES (1015, N'ORD-10079', N'Reparasjon', N'Ettermontering av kamera/sensor', N'NAS-1015-001', N'Under behandling', '2023-05-04', N'Oljetrykk-varsel paa dashboard');
INSERT INTO Orders (kundenummer, ordrenummer, ordretype, beskrivelse, device_id, status, opprettet_dato, symptomer_feil) VALUES (1015, N'ORD-10080', N'Deler', N'Motoroverhaling', N'NAS-1015-001', N'Under behandling', '2024-08-10', N'');
INSERT INTO Orders (kundenummer, ordrenummer, ordretype, beskrivelse, device_id, status, opprettet_dato, symptomer_feil) VALUES (1015, N'ORD-10081', N'Garanti', N'Bytte av understellskomponenter', N'NAS-1015-003', N'Under behandling', '2022-08-23', N'Setedemping slitt - vibrasjonsproblem');
INSERT INTO Orders (kundenummer, ordrenummer, ordretype, beskrivelse, device_id, status, opprettet_dato, symptomer_feil) VALUES (1015, N'ORD-10082', N'Reparasjon', N'Planlagt 500-timers service', N'NAS-1015-001', N'Mottatt', '2023-10-01', N'Feilkode paa motorstyringsenheten');
INSERT INTO Orders (kundenummer, ordrenummer, ordretype, beskrivelse, device_id, status, opprettet_dato, symptomer_feil) VALUES (1015, N'ORD-10083', N'Deler', N'Planlagt 2000-timers service', N'NAS-1015-006', N'Under behandling', '2022-06-05', N'');
INSERT INTO Orders (kundenummer, ordrenummer, ordretype, beskrivelse, device_id, status, opprettet_dato, symptomer_feil) VALUES (1015, N'ORD-10084', N'Reparasjon', N'Akutt reparasjon - maskin stoppet paa anlegg', N'NAS-1015-006', N'Ferdig', '2022-09-05', N'Rust paa understellsramme');
INSERT INTO Orders (kundenummer, ordrenummer, ordretype, beskrivelse, device_id, status, opprettet_dato, symptomer_feil) VALUES (1015, N'ORD-10085', N'Service', N'Planlagt 1000-timers service', N'NAS-1015-005', N'Avsluttet', '2024-01-29', N'Slitasje paa beltekjede');
INSERT INTO Orders (kundenummer, ordrenummer, ordretype, beskrivelse, device_id, status, opprettet_dato, symptomer_feil) VALUES (1015, N'ORD-10086', N'Garanti', N'Aarlig service og vedlikehold', N'NAS-1015-007', N'Avsluttet', '2024-09-30', N'Uvanlig stoey fra girkasse');
INSERT INTO Orders (kundenummer, ordrenummer, ordretype, beskrivelse, device_id, status, opprettet_dato, symptomer_feil) VALUES (1016, N'ORD-10087', N'Reparasjon', N'Inspeksjon etter hendelse', N'NAS-1016-004', N'Ferdig', '2023-06-14', N'Turbo gir lavere effekt enn normalt');
INSERT INTO Orders (kundenummer, ordrenummer, ordretype, beskrivelse, device_id, status, opprettet_dato, symptomer_feil) VALUES (1016, N'ORD-10088', N'Garanti', N'Sesongklargjoring for vinterbruk', N'NAS-1016-010', N'Ferdig', '2025-02-12', N'Hydraulikklekkasje i hovedsylinder');
INSERT INTO Orders (kundenummer, ordrenummer, ordretype, beskrivelse, device_id, status, opprettet_dato, symptomer_feil) VALUES (1016, N'ORD-10089', N'Reparasjon', N'Akutt reparasjon - maskin stoppet paa anlegg', N'NAS-1016-004', N'Avsluttet', '2024-09-27', N'Hydraulikkpumpe gir redusert trykk');
INSERT INTO Orders (kundenummer, ordrenummer, ordretype, beskrivelse, device_id, status, opprettet_dato, symptomer_feil) VALUES (1016, N'ORD-10090', N'Reparasjon', N'Reparasjon etter transportskade', N'NAS-1016-008', N'Avsluttet', '2024-07-06', N'Rust paa understellsramme');
INSERT INTO Orders (kundenummer, ordrenummer, ordretype, beskrivelse, device_id, status, opprettet_dato, symptomer_feil) VALUES (1016, N'ORD-10091', N'Service', N'Akutt reparasjon - maskin stoppet paa anlegg', N'NAS-1016-005', N'Under behandling', '2024-04-08', N'GPS/maskinstyring mister signal');
INSERT INTO Orders (kundenummer, ordrenummer, ordretype, beskrivelse, device_id, status, opprettet_dato, symptomer_feil) VALUES (1016, N'ORD-10092', N'Reparasjon', N'Planlagt 500-timers service', N'NAS-1016-010', N'Ferdig', '2024-08-27', N'Hydraulikkpumpe gir redusert trykk');
INSERT INTO Orders (kundenummer, ordrenummer, ordretype, beskrivelse, device_id, status, opprettet_dato, symptomer_feil) VALUES (1016, N'ORD-10093', N'Garanti', N'Planlagt 2000-timers service', N'NAS-1016-009', N'Ferdig', '2023-12-22', N'GPS/maskinstyring mister signal');
INSERT INTO Orders (kundenummer, ordrenummer, ordretype, beskrivelse, device_id, status, opprettet_dato, symptomer_feil) VALUES (1016, N'ORD-10094', N'Deler', N'Planlagt 500-timers service', N'NAS-1016-005', N'Ferdig', '2023-04-18', N'');
INSERT INTO Orders (kundenummer, ordrenummer, ordretype, beskrivelse, device_id, status, opprettet_dato, symptomer_feil) VALUES (1016, N'ORD-10095', N'Service', N'Reparasjon etter transportskade', N'NAS-1016-004', N'Ferdig', '2022-09-02', N'Vindusvisker defekt');
INSERT INTO Orders (kundenummer, ordrenummer, ordretype, beskrivelse, device_id, status, opprettet_dato, symptomer_feil) VALUES (1016, N'ORD-10096', N'Reparasjon', N'Bestilling av slitedeler', N'NAS-1016-004', N'Avsluttet', '2023-07-21', N'Vindusvisker defekt');
INSERT INTO Orders (kundenummer, ordrenummer, ordretype, beskrivelse, device_id, status, opprettet_dato, symptomer_feil) VALUES (1016, N'ORD-10097', N'Garanti', N'Akutt reparasjon - maskin stoppet paa anlegg', N'NAS-1016-004', N'Ferdig', '2023-04-11', N'Kjoelesystem lekker');
INSERT INTO Orders (kundenummer, ordrenummer, ordretype, beskrivelse, device_id, status, opprettet_dato, symptomer_feil) VALUES (1016, N'ORD-10098', N'Reparasjon', N'Planlagt 500-timers service', N'NAS-1016-001', N'Under behandling', '2023-07-16', N'Motor starter ikke ved lave temperaturer');
INSERT INTO Orders (kundenummer, ordrenummer, ordretype, beskrivelse, device_id, status, opprettet_dato, symptomer_feil) VALUES (1016, N'ORD-10099', N'Service', N'Oppgradering av maskinutstyr', N'NAS-1016-005', N'Under behandling', '2024-10-02', N'Uvanlig stoey fra girkasse');
INSERT INTO Orders (kundenummer, ordrenummer, ordretype, beskrivelse, device_id, status, opprettet_dato, symptomer_feil) VALUES (1016, N'ORD-10100', N'Service', N'Utskifting av hydraulikkslanger', N'NAS-1016-005', N'Avsluttet', '2024-09-07', N'Styresylinder lekker olje');
INSERT INTO Orders (kundenummer, ordrenummer, ordretype, beskrivelse, device_id, status, opprettet_dato, symptomer_feil) VALUES (1016, N'ORD-10101', N'Garanti', N'Garantireparasjon ihht. avtale', N'NAS-1016-001', N'Ferdig', '2024-09-05', N'Uvanlig stoey fra girkasse');
INSERT INTO Orders (kundenummer, ordrenummer, ordretype, beskrivelse, device_id, status, opprettet_dato, symptomer_feil) VALUES (1016, N'ORD-10102', N'Service', N'Planlagt 2000-timers service', N'NAS-1016-008', N'Mottatt', '2025-03-27', N'Dieselfilter tett - hoeyt drivstofforbruk');
INSERT INTO Orders (kundenummer, ordrenummer, ordretype, beskrivelse, device_id, status, opprettet_dato, symptomer_feil) VALUES (1016, N'ORD-10103', N'Service', N'Garantireparasjon ihht. avtale', N'NAS-1016-003', N'Ferdig', '2022-06-24', N'Sprekk i frontrute');
INSERT INTO Orders (kundenummer, ordrenummer, ordretype, beskrivelse, device_id, status, opprettet_dato, symptomer_feil) VALUES (1016, N'ORD-10104', N'Service', N'Oppgradering av maskinutstyr', N'NAS-1016-007', N'Under behandling', '2024-12-06', N'Svinglager har unormal slitasje');
INSERT INTO Orders (kundenummer, ordrenummer, ordretype, beskrivelse, device_id, status, opprettet_dato, symptomer_feil) VALUES (1016, N'ORD-10105', N'Deler', N'Sesongklargjoring for vinterbruk', N'NAS-1016-008', N'Ferdig', '2024-05-28', N'');
INSERT INTO Orders (kundenummer, ordrenummer, ordretype, beskrivelse, device_id, status, opprettet_dato, symptomer_feil) VALUES (1016, N'ORD-10106', N'Garanti', N'Utskifting av hydraulikkslanger', N'NAS-1016-010', N'Mottatt', '2022-07-23', N'Setedemping slitt - vibrasjonsproblem');
INSERT INTO Orders (kundenummer, ordrenummer, ordretype, beskrivelse, device_id, status, opprettet_dato, symptomer_feil) VALUES (1018, N'ORD-10107', N'Garanti', N'Reparasjon etter transportskade', N'NAS-1018-004', N'Mottatt', '2023-04-24', N'Parkeringsbrems loesner ikke');
INSERT INTO Orders (kundenummer, ordrenummer, ordretype, beskrivelse, device_id, status, opprettet_dato, symptomer_feil) VALUES (1018, N'ORD-10108', N'Garanti', N'Bytte av understellskomponenter', N'NAS-1018-002', N'Avsluttet', '2022-08-24', N'Hydraulikkpumpe gir redusert trykk');
INSERT INTO Orders (kundenummer, ordrenummer, ordretype, beskrivelse, device_id, status, opprettet_dato, symptomer_feil) VALUES (1018, N'ORD-10109', N'Reparasjon', N'Motoroverhaling', N'NAS-1018-002', N'Ferdig', '2022-10-19', N'Slitasje paa beltekjede');
INSERT INTO Orders (kundenummer, ordrenummer, ordretype, beskrivelse, device_id, status, opprettet_dato, symptomer_feil) VALUES (1018, N'ORD-10110', N'Service', N'Garantireparasjon ihht. avtale', N'NAS-1018-003', N'Ferdig', '2024-06-18', N'Uvanlig stoey fra girkasse');
INSERT INTO Orders (kundenummer, ordrenummer, ordretype, beskrivelse, device_id, status, opprettet_dato, symptomer_feil) VALUES (1018, N'ORD-10111', N'Deler', N'Reparasjon etter transportskade', N'NAS-1018-003', N'Avsluttet', '2023-07-12', N'');
INSERT INTO Orders (kundenummer, ordrenummer, ordretype, beskrivelse, device_id, status, opprettet_dato, symptomer_feil) VALUES (1018, N'ORD-10112', N'Deler', N'Inspeksjon etter hendelse', N'NAS-1018-001', N'Mottatt', '2024-06-03', N'');
INSERT INTO Orders (kundenummer, ordrenummer, ordretype, beskrivelse, device_id, status, opprettet_dato, symptomer_feil) VALUES (1018, N'ORD-10113', N'Garanti', N'Utskifting av hydraulikkslanger', N'NAS-1018-003', N'Mottatt', '2022-07-07', N'Sprekk i frontrute');
INSERT INTO Orders (kundenummer, ordrenummer, ordretype, beskrivelse, device_id, status, opprettet_dato, symptomer_feil) VALUES (1018, N'ORD-10114', N'Service', N'Bytte av understellskomponenter', N'NAS-1018-003', N'Mottatt', '2022-12-25', N'Automatisk sentralsmoering virker ikke');
INSERT INTO Orders (kundenummer, ordrenummer, ordretype, beskrivelse, device_id, status, opprettet_dato, symptomer_feil) VALUES (1019, N'ORD-10115', N'Service', N'Inspeksjon etter hendelse', N'NAS-1019-001', N'Ferdig', '2023-06-01', N'Turbo gir lavere effekt enn normalt');
INSERT INTO Orders (kundenummer, ordrenummer, ordretype, beskrivelse, device_id, status, opprettet_dato, symptomer_feil) VALUES (1019, N'ORD-10116', N'Service', N'Bytte av understellskomponenter', N'NAS-1019-004', N'Mottatt', '2025-01-16', N'Styresylinder lekker olje');
INSERT INTO Orders (kundenummer, ordrenummer, ordretype, beskrivelse, device_id, status, opprettet_dato, symptomer_feil) VALUES (1019, N'ORD-10117', N'Deler', N'Aarlig service og vedlikehold', N'NAS-1019-002', N'Ferdig', '2024-10-17', N'');
INSERT INTO Orders (kundenummer, ordrenummer, ordretype, beskrivelse, device_id, status, opprettet_dato, symptomer_feil) VALUES (1019, N'ORD-10118', N'Deler', N'Bytte av understellskomponenter', N'NAS-1019-001', N'Under behandling', '2023-07-01', N'');
INSERT INTO Orders (kundenummer, ordrenummer, ordretype, beskrivelse, device_id, status, opprettet_dato, symptomer_feil) VALUES (1019, N'ORD-10119', N'Reparasjon', N'Sesongklargjoring for vinterbruk', N'NAS-1019-003', N'Avsluttet', '2024-09-19', N'Uvanlig stoey fra girkasse');
INSERT INTO Orders (kundenummer, ordrenummer, ordretype, beskrivelse, device_id, status, opprettet_dato, symptomer_feil) VALUES (1019, N'ORD-10120', N'Service', N'Motoroverhaling', N'NAS-1019-005', N'Under behandling', '2022-11-21', N'Bremsesystem trenger justering');
INSERT INTO Orders (kundenummer, ordrenummer, ordretype, beskrivelse, device_id, status, opprettet_dato, symptomer_feil) VALUES (1019, N'ORD-10121', N'Service', N'Oppgradering av maskinutstyr', N'NAS-1019-004', N'Mottatt', '2023-04-06', N'Topplanpakning lekker');
INSERT INTO Orders (kundenummer, ordrenummer, ordretype, beskrivelse, device_id, status, opprettet_dato, symptomer_feil) VALUES (1019, N'ORD-10122', N'Service', N'Inspeksjon etter hendelse', N'NAS-1019-001', N'Under behandling', '2024-10-17', N'Parkeringsbrems loesner ikke');
INSERT INTO Orders (kundenummer, ordrenummer, ordretype, beskrivelse, device_id, status, opprettet_dato, symptomer_feil) VALUES (1019, N'ORD-10123', N'Garanti', N'Oppgradering av maskinutstyr', N'NAS-1019-006', N'Ferdig', '2024-04-30', N'Topplanpakning lekker');
INSERT INTO Orders (kundenummer, ordrenummer, ordretype, beskrivelse, device_id, status, opprettet_dato, symptomer_feil) VALUES (1019, N'ORD-10124', N'Deler', N'Inspeksjon etter hendelse', N'NAS-1019-002', N'Avsluttet', '2025-02-02', N'');
INSERT INTO Orders (kundenummer, ordrenummer, ordretype, beskrivelse, device_id, status, opprettet_dato, symptomer_feil) VALUES (1019, N'ORD-10125', N'Reparasjon', N'Planlagt 2000-timers service', N'NAS-1019-002', N'Under behandling', '2022-05-23', N'Elektrisk feil i styringssystem');
INSERT INTO Orders (kundenummer, ordrenummer, ordretype, beskrivelse, device_id, status, opprettet_dato, symptomer_feil) VALUES (1019, N'ORD-10126', N'Deler', N'Planlagt 1000-timers service', N'NAS-1019-005', N'Ferdig', '2022-01-06', N'');
INSERT INTO Orders (kundenummer, ordrenummer, ordretype, beskrivelse, device_id, status, opprettet_dato, symptomer_feil) VALUES (1019, N'ORD-10127', N'Garanti', N'Reparasjon etter transportskade', N'NAS-1019-003', N'Avsluttet', '2022-11-01', N'Styresylinder lekker olje');
INSERT INTO Orders (kundenummer, ordrenummer, ordretype, beskrivelse, device_id, status, opprettet_dato, symptomer_feil) VALUES (1019, N'ORD-10128', N'Deler', N'Planlagt 1000-timers service', N'NAS-1019-003', N'Avsluttet', '2024-07-21', N'');
INSERT INTO Orders (kundenummer, ordrenummer, ordretype, beskrivelse, device_id, status, opprettet_dato, symptomer_feil) VALUES (1019, N'ORD-10129', N'Garanti', N'Ettermontering av kamera/sensor', N'NAS-1019-002', N'Under behandling', '2025-03-17', N'Svinglager har unormal slitasje');
INSERT INTO Orders (kundenummer, ordrenummer, ordretype, beskrivelse, device_id, status, opprettet_dato, symptomer_feil) VALUES (1019, N'ORD-10130', N'Reparasjon', N'Ettermontering av kamera/sensor', N'NAS-1019-004', N'Mottatt', '2023-10-14', N'Vindusvisker defekt');
INSERT INTO Orders (kundenummer, ordrenummer, ordretype, beskrivelse, device_id, status, opprettet_dato, symptomer_feil) VALUES (1019, N'ORD-10131', N'Deler', N'Reparasjon etter transportskade', N'NAS-1019-004', N'Avsluttet', '2022-11-08', N'');
INSERT INTO Orders (kundenummer, ordrenummer, ordretype, beskrivelse, device_id, status, opprettet_dato, symptomer_feil) VALUES (1019, N'ORD-10132', N'Deler', N'Aarlig service og vedlikehold', N'NAS-1019-002', N'Ferdig', '2022-07-25', N'');
INSERT INTO Orders (kundenummer, ordrenummer, ordretype, beskrivelse, device_id, status, opprettet_dato, symptomer_feil) VALUES (1019, N'ORD-10133', N'Deler', N'Akutt reparasjon - maskin stoppet paa anlegg', N'NAS-1019-005', N'Avsluttet', '2022-02-01', N'');
INSERT INTO Orders (kundenummer, ordrenummer, ordretype, beskrivelse, device_id, status, opprettet_dato, symptomer_feil) VALUES (1019, N'ORD-10134', N'Reparasjon', N'Planlagt 2000-timers service', N'NAS-1019-006', N'Under behandling', '2022-06-03', N'Automatisk sentralsmoering virker ikke');
INSERT INTO Orders (kundenummer, ordrenummer, ordretype, beskrivelse, device_id, status, opprettet_dato, symptomer_feil) VALUES (1019, N'ORD-10135', N'Garanti', N'Planlagt 1000-timers service', N'NAS-1019-005', N'Avsluttet', '2022-06-14', N'Boomcylinder har intern lekkasje');
INSERT INTO Orders (kundenummer, ordrenummer, ordretype, beskrivelse, device_id, status, opprettet_dato, symptomer_feil) VALUES (1019, N'ORD-10136', N'Garanti', N'Ettermontering av kamera/sensor', N'NAS-1019-006', N'Avsluttet', '2023-10-11', N'Dieselfilter tett - hoeyt drivstofforbruk');
INSERT INTO Orders (kundenummer, ordrenummer, ordretype, beskrivelse, device_id, status, opprettet_dato, symptomer_feil) VALUES (1020, N'ORD-10137', N'Reparasjon', N'Reparasjon etter transportskade', N'NAS-1020-001', N'Avsluttet', '2022-07-21', N'Setedemping slitt - vibrasjonsproblem');
INSERT INTO Orders (kundenummer, ordrenummer, ordretype, beskrivelse, device_id, status, opprettet_dato, symptomer_feil) VALUES (1021, N'ORD-10138', N'Service', N'Utskifting av hydraulikkslanger', N'NAS-1021-004', N'Under behandling', '2024-10-16', N'Parkeringsbrems loesner ikke');
INSERT INTO Orders (kundenummer, ordrenummer, ordretype, beskrivelse, device_id, status, opprettet_dato, symptomer_feil) VALUES (1021, N'ORD-10139', N'Reparasjon', N'Bestilling av slitedeler', N'NAS-1021-004', N'Ferdig', '2024-07-30', N'Elektrisk feil i styringssystem');
INSERT INTO Orders (kundenummer, ordrenummer, ordretype, beskrivelse, device_id, status, opprettet_dato, symptomer_feil) VALUES (1021, N'ORD-10140', N'Service', N'Sesongklargjoring for vinterbruk', N'NAS-1021-004', N'Ferdig', '2025-01-24', N'Knekkledd har for mye slark');
INSERT INTO Orders (kundenummer, ordrenummer, ordretype, beskrivelse, device_id, status, opprettet_dato, symptomer_feil) VALUES (1021, N'ORD-10141', N'Service', N'Inspeksjon etter hendelse', N'NAS-1021-003', N'Ferdig', '2024-05-18', N'GPS/maskinstyring mister signal');
INSERT INTO Orders (kundenummer, ordrenummer, ordretype, beskrivelse, device_id, status, opprettet_dato, symptomer_feil) VALUES (1021, N'ORD-10142', N'Garanti', N'Inspeksjon etter hendelse', N'NAS-1021-003', N'Under behandling', '2024-02-27', N'Boomcylinder har intern lekkasje');
INSERT INTO Orders (kundenummer, ordrenummer, ordretype, beskrivelse, device_id, status, opprettet_dato, symptomer_feil) VALUES (1021, N'ORD-10143', N'Deler', N'Akutt reparasjon - maskin stoppet paa anlegg', N'NAS-1021-002', N'Avsluttet', '2025-03-17', N'');
INSERT INTO Orders (kundenummer, ordrenummer, ordretype, beskrivelse, device_id, status, opprettet_dato, symptomer_feil) VALUES (1021, N'ORD-10144', N'Garanti', N'Utskifting av hydraulikkslanger', N'NAS-1021-003', N'Ferdig', '2022-02-14', N'Topplanpakning lekker');
INSERT INTO Orders (kundenummer, ordrenummer, ordretype, beskrivelse, device_id, status, opprettet_dato, symptomer_feil) VALUES (1021, N'ORD-10145', N'Deler', N'Planlagt 500-timers service', N'NAS-1021-001', N'Mottatt', '2024-10-14', N'');
INSERT INTO Orders (kundenummer, ordrenummer, ordretype, beskrivelse, device_id, status, opprettet_dato, symptomer_feil) VALUES (1021, N'ORD-10146', N'Garanti', N'Bytte av understellskomponenter', N'NAS-1021-002', N'Ferdig', '2023-03-25', N'Dieselfilter tett - hoeyt drivstofforbruk');
INSERT INTO Orders (kundenummer, ordrenummer, ordretype, beskrivelse, device_id, status, opprettet_dato, symptomer_feil) VALUES (1021, N'ORD-10147', N'Reparasjon', N'Utskifting av hydraulikkslanger', N'NAS-1021-003', N'Under behandling', '2022-07-18', N'Joystick reagerer ujevnt');
INSERT INTO Orders (kundenummer, ordrenummer, ordretype, beskrivelse, device_id, status, opprettet_dato, symptomer_feil) VALUES (1021, N'ORD-10148', N'Service', N'Planlagt 500-timers service', N'NAS-1021-004', N'Mottatt', '2025-04-01', N'Kjoelesystem lekker');
INSERT INTO Orders (kundenummer, ordrenummer, ordretype, beskrivelse, device_id, status, opprettet_dato, symptomer_feil) VALUES (1021, N'ORD-10149', N'Reparasjon', N'Akutt reparasjon - maskin stoppet paa anlegg', N'NAS-1021-003', N'Ferdig', '2024-04-30', N'Knekkledd har for mye slark');
INSERT INTO Orders (kundenummer, ordrenummer, ordretype, beskrivelse, device_id, status, opprettet_dato, symptomer_feil) VALUES (1021, N'ORD-10150', N'Reparasjon', N'Garantireparasjon ihht. avtale', N'NAS-1021-005', N'Ferdig', '2024-12-23', N'Grabbrotator reagerer tregt');
INSERT INTO Orders (kundenummer, ordrenummer, ordretype, beskrivelse, device_id, status, opprettet_dato, symptomer_feil) VALUES (1021, N'ORD-10151', N'Garanti', N'Ettermontering av kamera/sensor', N'NAS-1021-002', N'Ferdig', '2024-09-13', N'Rust paa understellsramme');
INSERT INTO Orders (kundenummer, ordrenummer, ordretype, beskrivelse, device_id, status, opprettet_dato, symptomer_feil) VALUES (1021, N'ORD-10152', N'Garanti', N'Reparasjon etter transportskade', N'NAS-1021-003', N'Mottatt', '2024-08-17', N'Slitasje paa beltekjede');
INSERT INTO Orders (kundenummer, ordrenummer, ordretype, beskrivelse, device_id, status, opprettet_dato, symptomer_feil) VALUES (1022, N'ORD-10153', N'Garanti', N'Utskifting av hydraulikkslanger', N'NAS-1022-004', N'Ferdig', '2022-08-10', N'Hjullager paa venstre side slitt');
INSERT INTO Orders (kundenummer, ordrenummer, ordretype, beskrivelse, device_id, status, opprettet_dato, symptomer_feil) VALUES (1022, N'ORD-10154', N'Reparasjon', N'Inspeksjon etter hendelse', N'NAS-1022-001', N'Ferdig', '2023-03-30', N'Dieselfilter tett - hoeyt drivstofforbruk');
INSERT INTO Orders (kundenummer, ordrenummer, ordretype, beskrivelse, device_id, status, opprettet_dato, symptomer_feil) VALUES (1022, N'ORD-10155', N'Service', N'Motoroverhaling', N'NAS-1022-004', N'Ferdig', '2024-04-16', N'Uvanlig stoey fra girkasse');
INSERT INTO Orders (kundenummer, ordrenummer, ordretype, beskrivelse, device_id, status, opprettet_dato, symptomer_feil) VALUES (1022, N'ORD-10156', N'Reparasjon', N'Aarlig service og vedlikehold', N'NAS-1022-001', N'Ferdig', '2024-10-05', N'Uvanlig stoey fra girkasse');
INSERT INTO Orders (kundenummer, ordrenummer, ordretype, beskrivelse, device_id, status, opprettet_dato, symptomer_feil) VALUES (1022, N'ORD-10157', N'Service', N'Bestilling av slitedeler', N'NAS-1022-002', N'Avsluttet', '2024-07-18', N'Kjoelesystem lekker');
INSERT INTO Orders (kundenummer, ordrenummer, ordretype, beskrivelse, device_id, status, opprettet_dato, symptomer_feil) VALUES (1023, N'ORD-10158', N'Reparasjon', N'Inspeksjon etter hendelse', N'NAS-1023-004', N'Under behandling', '2024-01-13', N'Uvanlig stoey fra girkasse');
INSERT INTO Orders (kundenummer, ordrenummer, ordretype, beskrivelse, device_id, status, opprettet_dato, symptomer_feil) VALUES (1023, N'ORD-10159', N'Garanti', N'Oppgradering av maskinutstyr', N'NAS-1023-003', N'Mottatt', '2024-03-26', N'Elektrisk feil i styringssystem');
INSERT INTO Orders (kundenummer, ordrenummer, ordretype, beskrivelse, device_id, status, opprettet_dato, symptomer_feil) VALUES (1023, N'ORD-10160', N'Reparasjon', N'Akutt reparasjon - maskin stoppet paa anlegg', N'NAS-1023-004', N'Mottatt', '2023-03-11', N'Dieselfilter tett - hoeyt drivstofforbruk');
INSERT INTO Orders (kundenummer, ordrenummer, ordretype, beskrivelse, device_id, status, opprettet_dato, symptomer_feil) VALUES (1023, N'ORD-10161', N'Service', N'Aarlig service og vedlikehold', N'NAS-1023-003', N'Under behandling', '2022-09-15', N'Rust paa understellsramme');
INSERT INTO Orders (kundenummer, ordrenummer, ordretype, beskrivelse, device_id, status, opprettet_dato, symptomer_feil) VALUES (1023, N'ORD-10162', N'Reparasjon', N'Akutt reparasjon - maskin stoppet paa anlegg', N'NAS-1023-002', N'Under behandling', '2023-04-23', N'Turbo gir lavere effekt enn normalt');
INSERT INTO Orders (kundenummer, ordrenummer, ordretype, beskrivelse, device_id, status, opprettet_dato, symptomer_feil) VALUES (1024, N'ORD-10163', N'Service', N'Garantireparasjon ihht. avtale', N'NAS-1024-003', N'Mottatt', '2022-09-17', N'Vindusvisker defekt');
INSERT INTO Orders (kundenummer, ordrenummer, ordretype, beskrivelse, device_id, status, opprettet_dato, symptomer_feil) VALUES (1024, N'ORD-10164', N'Deler', N'Oppgradering av maskinutstyr', N'NAS-1024-001', N'Mottatt', '2024-09-02', N'');
INSERT INTO Orders (kundenummer, ordrenummer, ordretype, beskrivelse, device_id, status, opprettet_dato, symptomer_feil) VALUES (1024, N'ORD-10165', N'Deler', N'Bytte av understellskomponenter', N'NAS-1024-003', N'Mottatt', '2024-07-14', N'');
INSERT INTO Orders (kundenummer, ordrenummer, ordretype, beskrivelse, device_id, status, opprettet_dato, symptomer_feil) VALUES (1024, N'ORD-10166', N'Reparasjon', N'Utskifting av hydraulikkslanger', N'NAS-1024-001', N'Ferdig', '2024-07-27', N'Dieselfilter tett - hoeyt drivstofforbruk');
INSERT INTO Orders (kundenummer, ordrenummer, ordretype, beskrivelse, device_id, status, opprettet_dato, symptomer_feil) VALUES (1024, N'ORD-10167', N'Service', N'Aarlig service og vedlikehold', N'NAS-1024-004', N'Avsluttet', '2024-05-23', N'Hjullager paa venstre side slitt');
INSERT INTO Orders (kundenummer, ordrenummer, ordretype, beskrivelse, device_id, status, opprettet_dato, symptomer_feil) VALUES (1024, N'ORD-10168', N'Service', N'Inspeksjon etter hendelse', N'NAS-1024-004', N'Mottatt', '2022-06-15', N'Turbo gir lavere effekt enn normalt');
INSERT INTO Orders (kundenummer, ordrenummer, ordretype, beskrivelse, device_id, status, opprettet_dato, symptomer_feil) VALUES (1024, N'ORD-10169', N'Reparasjon', N'Akutt reparasjon - maskin stoppet paa anlegg', N'NAS-1024-002', N'Ferdig', '2025-01-28', N'GPS/maskinstyring mister signal');
INSERT INTO Orders (kundenummer, ordrenummer, ordretype, beskrivelse, device_id, status, opprettet_dato, symptomer_feil) VALUES (1024, N'ORD-10170', N'Garanti', N'Planlagt 2000-timers service', N'NAS-1024-005', N'Ferdig', '2024-07-18', N'Grabbrotator reagerer tregt');
INSERT INTO Orders (kundenummer, ordrenummer, ordretype, beskrivelse, device_id, status, opprettet_dato, symptomer_feil) VALUES (1024, N'ORD-10171', N'Deler', N'Akutt reparasjon - maskin stoppet paa anlegg', N'NAS-1024-001', N'Under behandling', '2024-05-30', N'');
INSERT INTO Orders (kundenummer, ordrenummer, ordretype, beskrivelse, device_id, status, opprettet_dato, symptomer_feil) VALUES (1024, N'ORD-10172', N'Deler', N'Sesongklargjoring for vinterbruk', N'NAS-1024-002', N'Avsluttet', '2023-11-26', N'');
INSERT INTO Orders (kundenummer, ordrenummer, ordretype, beskrivelse, device_id, status, opprettet_dato, symptomer_feil) VALUES (1024, N'ORD-10173', N'Deler', N'Planlagt 2000-timers service', N'NAS-1024-004', N'Mottatt', '2023-10-03', N'');
INSERT INTO Orders (kundenummer, ordrenummer, ordretype, beskrivelse, device_id, status, opprettet_dato, symptomer_feil) VALUES (1024, N'ORD-10174', N'Deler', N'Planlagt 1000-timers service', N'NAS-1024-003', N'Ferdig', '2022-11-09', N'');
INSERT INTO Orders (kundenummer, ordrenummer, ordretype, beskrivelse, device_id, status, opprettet_dato, symptomer_feil) VALUES (1024, N'ORD-10175', N'Deler', N'Akutt reparasjon - maskin stoppet paa anlegg', N'NAS-1024-001', N'Mottatt', '2022-07-10', N'');
INSERT INTO Orders (kundenummer, ordrenummer, ordretype, beskrivelse, device_id, status, opprettet_dato, symptomer_feil) VALUES (1024, N'ORD-10176', N'Deler', N'Akutt reparasjon - maskin stoppet paa anlegg', N'NAS-1024-003', N'Under behandling', '2025-02-13', N'');
INSERT INTO Orders (kundenummer, ordrenummer, ordretype, beskrivelse, device_id, status, opprettet_dato, symptomer_feil) VALUES (1024, N'ORD-10177', N'Service', N'Utskifting av hydraulikkslanger', N'NAS-1024-005', N'Ferdig', '2022-09-08', N'Eksosutslipp over tillatte verdier');
INSERT INTO Orders (kundenummer, ordrenummer, ordretype, beskrivelse, device_id, status, opprettet_dato, symptomer_feil) VALUES (1024, N'ORD-10178', N'Garanti', N'Ettermontering av kamera/sensor', N'NAS-1024-004', N'Mottatt', '2023-08-13', N'Slitasje paa tenner paa skuffe');
INSERT INTO Orders (kundenummer, ordrenummer, ordretype, beskrivelse, device_id, status, opprettet_dato, symptomer_feil) VALUES (1024, N'ORD-10179', N'Garanti', N'Planlagt 1000-timers service', N'NAS-1024-001', N'Under behandling', '2022-11-13', N'Hjullager paa venstre side slitt');
INSERT INTO Orders (kundenummer, ordrenummer, ordretype, beskrivelse, device_id, status, opprettet_dato, symptomer_feil) VALUES (1024, N'ORD-10180', N'Deler', N'Bestilling av slitedeler', N'NAS-1024-001', N'Ferdig', '2025-02-13', N'');
INSERT INTO Orders (kundenummer, ordrenummer, ordretype, beskrivelse, device_id, status, opprettet_dato, symptomer_feil) VALUES (1024, N'ORD-10181', N'Garanti', N'Akutt reparasjon - maskin stoppet paa anlegg', N'NAS-1024-003', N'Under behandling', '2024-05-28', N'Boomcylinder har intern lekkasje');
INSERT INTO Orders (kundenummer, ordrenummer, ordretype, beskrivelse, device_id, status, opprettet_dato, symptomer_feil) VALUES (1024, N'ORD-10182', N'Service', N'Utskifting av hydraulikkslanger', N'NAS-1024-003', N'Mottatt', '2023-01-05', N'Elektrisk feil i styringssystem');
INSERT INTO Orders (kundenummer, ordrenummer, ordretype, beskrivelse, device_id, status, opprettet_dato, symptomer_feil) VALUES (1025, N'ORD-10183', N'Service', N'Sesongklargjoring for vinterbruk', N'NAS-1025-001', N'Under behandling', '2022-11-19', N'Setedemping slitt - vibrasjonsproblem');
INSERT INTO Orders (kundenummer, ordrenummer, ordretype, beskrivelse, device_id, status, opprettet_dato, symptomer_feil) VALUES (1025, N'ORD-10184', N'Service', N'Motoroverhaling', N'NAS-1025-001', N'Ferdig', '2024-06-26', N'Hjullager paa venstre side slitt');
INSERT INTO Orders (kundenummer, ordrenummer, ordretype, beskrivelse, device_id, status, opprettet_dato, symptomer_feil) VALUES (1025, N'ORD-10185', N'Deler', N'Inspeksjon etter hendelse', N'NAS-1025-005', N'Avsluttet', '2024-04-28', N'');
INSERT INTO Orders (kundenummer, ordrenummer, ordretype, beskrivelse, device_id, status, opprettet_dato, symptomer_feil) VALUES (1025, N'ORD-10186', N'Garanti', N'Bestilling av slitedeler', N'NAS-1025-007', N'Mottatt', '2023-12-08', N'Eksosutslipp over tillatte verdier');
INSERT INTO Orders (kundenummer, ordrenummer, ordretype, beskrivelse, device_id, status, opprettet_dato, symptomer_feil) VALUES (1025, N'ORD-10187', N'Service', N'Planlagt 500-timers service', N'NAS-1025-006', N'Avsluttet', '2024-12-15', N'Hjullager paa venstre side slitt');
INSERT INTO Orders (kundenummer, ordrenummer, ordretype, beskrivelse, device_id, status, opprettet_dato, symptomer_feil) VALUES (1025, N'ORD-10188', N'Garanti', N'Aarlig service og vedlikehold', N'NAS-1025-002', N'Avsluttet', '2022-04-23', N'Hydraulikklekkasje i hovedsylinder');
INSERT INTO Orders (kundenummer, ordrenummer, ordretype, beskrivelse, device_id, status, opprettet_dato, symptomer_feil) VALUES (1025, N'ORD-10189', N'Reparasjon', N'Planlagt 500-timers service', N'NAS-1025-002', N'Under behandling', '2023-06-08', N'Bremsesystem trenger justering');
INSERT INTO Orders (kundenummer, ordrenummer, ordretype, beskrivelse, device_id, status, opprettet_dato, symptomer_feil) VALUES (1025, N'ORD-10190', N'Garanti', N'Akutt reparasjon - maskin stoppet paa anlegg', N'NAS-1025-001', N'Avsluttet', '2024-05-31', N'Knekkledd har for mye slark');
INSERT INTO Orders (kundenummer, ordrenummer, ordretype, beskrivelse, device_id, status, opprettet_dato, symptomer_feil) VALUES (1025, N'ORD-10191', N'Reparasjon', N'Planlagt 2000-timers service', N'NAS-1025-005', N'Under behandling', '2024-10-21', N'Hydraulikkpumpe gir redusert trykk');
INSERT INTO Orders (kundenummer, ordrenummer, ordretype, beskrivelse, device_id, status, opprettet_dato, symptomer_feil) VALUES (1025, N'ORD-10192', N'Garanti', N'Akutt reparasjon - maskin stoppet paa anlegg', N'NAS-1025-004', N'Mottatt', '2024-06-12', N'Hydraulikklekkasje i hovedsylinder');
INSERT INTO Orders (kundenummer, ordrenummer, ordretype, beskrivelse, device_id, status, opprettet_dato, symptomer_feil) VALUES (1025, N'ORD-10193', N'Deler', N'Sesongklargjoring for vinterbruk', N'NAS-1025-001', N'Ferdig', '2025-03-25', N'');
INSERT INTO Orders (kundenummer, ordrenummer, ordretype, beskrivelse, device_id, status, opprettet_dato, symptomer_feil) VALUES (1025, N'ORD-10194', N'Deler', N'Utskifting av hydraulikkslanger', N'NAS-1025-004', N'Avsluttet', '2023-08-16', N'');
INSERT INTO Orders (kundenummer, ordrenummer, ordretype, beskrivelse, device_id, status, opprettet_dato, symptomer_feil) VALUES (1025, N'ORD-10195', N'Service', N'Planlagt 2000-timers service', N'NAS-1025-001', N'Ferdig', '2022-12-18', N'Rust paa understellsramme');
INSERT INTO Orders (kundenummer, ordrenummer, ordretype, beskrivelse, device_id, status, opprettet_dato, symptomer_feil) VALUES (1025, N'ORD-10196', N'Deler', N'Ettermontering av kamera/sensor', N'NAS-1025-006', N'Ferdig', '2022-06-30', N'');
INSERT INTO Orders (kundenummer, ordrenummer, ordretype, beskrivelse, device_id, status, opprettet_dato, symptomer_feil) VALUES (1025, N'ORD-10197', N'Deler', N'Ettermontering av kamera/sensor', N'NAS-1025-001', N'Under behandling', '2024-06-11', N'');
INSERT INTO Orders (kundenummer, ordrenummer, ordretype, beskrivelse, device_id, status, opprettet_dato, symptomer_feil) VALUES (1025, N'ORD-10198', N'Deler', N'Oppgradering av maskinutstyr', N'NAS-1025-001', N'Avsluttet', '2023-09-28', N'');
INSERT INTO Orders (kundenummer, ordrenummer, ordretype, beskrivelse, device_id, status, opprettet_dato, symptomer_feil) VALUES (1025, N'ORD-10199', N'Garanti', N'Bestilling av slitedeler', N'NAS-1025-003', N'Under behandling', '2022-06-06', N'Grabbrotator reagerer tregt');
INSERT INTO Orders (kundenummer, ordrenummer, ordretype, beskrivelse, device_id, status, opprettet_dato, symptomer_feil) VALUES (1025, N'ORD-10200', N'Service', N'Oppgradering av maskinutstyr', N'NAS-1025-005', N'Under behandling', '2023-12-17', N'Kjoelesystem lekker');
INSERT INTO Orders (kundenummer, ordrenummer, ordretype, beskrivelse, device_id, status, opprettet_dato, symptomer_feil) VALUES (1025, N'ORD-10201', N'Reparasjon', N'Bestilling av slitedeler', N'NAS-1025-001', N'Under behandling', '2023-06-09', N'Aircondition fungerer ikke');
INSERT INTO Orders (kundenummer, ordrenummer, ordretype, beskrivelse, device_id, status, opprettet_dato, symptomer_feil) VALUES (1025, N'ORD-10202', N'Reparasjon', N'Utskifting av hydraulikkslanger', N'NAS-1025-002', N'Mottatt', '2022-12-29', N'Setedemping slitt - vibrasjonsproblem');
INSERT INTO Orders (kundenummer, ordrenummer, ordretype, beskrivelse, device_id, status, opprettet_dato, symptomer_feil) VALUES (1026, N'ORD-10203', N'Garanti', N'Bytte av understellskomponenter', N'NAS-1026-003', N'Mottatt', '2023-12-22', N'Grabbrotator reagerer tregt');
INSERT INTO Orders (kundenummer, ordrenummer, ordretype, beskrivelse, device_id, status, opprettet_dato, symptomer_feil) VALUES (1026, N'ORD-10204', N'Service', N'Planlagt 500-timers service', N'NAS-1026-004', N'Avsluttet', '2022-03-19', N'Motor starter ikke ved lave temperaturer');
INSERT INTO Orders (kundenummer, ordrenummer, ordretype, beskrivelse, device_id, status, opprettet_dato, symptomer_feil) VALUES (1026, N'ORD-10205', N'Garanti', N'Ettermontering av kamera/sensor', N'NAS-1026-003', N'Mottatt', '2022-07-04', N'Slitasje paa tenner paa skuffe');
INSERT INTO Orders (kundenummer, ordrenummer, ordretype, beskrivelse, device_id, status, opprettet_dato, symptomer_feil) VALUES (1026, N'ORD-10206', N'Deler', N'Inspeksjon etter hendelse', N'NAS-1026-001', N'Avsluttet', '2025-03-16', N'');
INSERT INTO Orders (kundenummer, ordrenummer, ordretype, beskrivelse, device_id, status, opprettet_dato, symptomer_feil) VALUES (1026, N'ORD-10207', N'Reparasjon', N'Planlagt 1000-timers service', N'NAS-1026-004', N'Under behandling', '2022-05-07', N'Styresylinder lekker olje');
INSERT INTO Orders (kundenummer, ordrenummer, ordretype, beskrivelse, device_id, status, opprettet_dato, symptomer_feil) VALUES (1026, N'ORD-10208', N'Service', N'Bytte av understellskomponenter', N'NAS-1026-003', N'Mottatt', '2024-10-30', N'Dieselfilter tett - hoeyt drivstofforbruk');
INSERT INTO Orders (kundenummer, ordrenummer, ordretype, beskrivelse, device_id, status, opprettet_dato, symptomer_feil) VALUES (1026, N'ORD-10209', N'Reparasjon', N'Aarlig service og vedlikehold', N'NAS-1026-002', N'Avsluttet', '2024-06-18', N'Grabbrotator reagerer tregt');
INSERT INTO Orders (kundenummer, ordrenummer, ordretype, beskrivelse, device_id, status, opprettet_dato, symptomer_feil) VALUES (1026, N'ORD-10210', N'Reparasjon', N'Planlagt 1000-timers service', N'NAS-1026-003', N'Ferdig', '2024-03-04', N'Eksosutslipp over tillatte verdier');
INSERT INTO Orders (kundenummer, ordrenummer, ordretype, beskrivelse, device_id, status, opprettet_dato, symptomer_feil) VALUES (1027, N'ORD-10211', N'Deler', N'Planlagt 500-timers service', N'NAS-1027-002', N'Under behandling', '2023-11-14', N'');
INSERT INTO Orders (kundenummer, ordrenummer, ordretype, beskrivelse, device_id, status, opprettet_dato, symptomer_feil) VALUES (1027, N'ORD-10212', N'Service', N'Utskifting av hydraulikkslanger', N'NAS-1027-001', N'Ferdig', '2023-09-28', N'Dieselfilter tett - hoeyt drivstofforbruk');
INSERT INTO Orders (kundenummer, ordrenummer, ordretype, beskrivelse, device_id, status, opprettet_dato, symptomer_feil) VALUES (1027, N'ORD-10213', N'Deler', N'Garantireparasjon ihht. avtale', N'NAS-1027-001', N'Ferdig', '2025-02-18', N'');
INSERT INTO Orders (kundenummer, ordrenummer, ordretype, beskrivelse, device_id, status, opprettet_dato, symptomer_feil) VALUES (1027, N'ORD-10214', N'Deler', N'Motoroverhaling', N'NAS-1027-002', N'Under behandling', '2024-12-14', N'');
INSERT INTO Orders (kundenummer, ordrenummer, ordretype, beskrivelse, device_id, status, opprettet_dato, symptomer_feil) VALUES (1027, N'ORD-10215', N'Service', N'Motoroverhaling', N'NAS-1027-002', N'Ferdig', '2022-02-07', N'Kjoelesystem lekker');
INSERT INTO Orders (kundenummer, ordrenummer, ordretype, beskrivelse, device_id, status, opprettet_dato, symptomer_feil) VALUES (1027, N'ORD-10216', N'Garanti', N'Garantireparasjon ihht. avtale', N'NAS-1027-001', N'Ferdig', '2024-09-22', N'Aircondition fungerer ikke');
INSERT INTO Orders (kundenummer, ordrenummer, ordretype, beskrivelse, device_id, status, opprettet_dato, symptomer_feil) VALUES (1027, N'ORD-10217', N'Reparasjon', N'Garantireparasjon ihht. avtale', N'NAS-1027-001', N'Mottatt', '2023-08-29', N'Boomcylinder har intern lekkasje');
INSERT INTO Orders (kundenummer, ordrenummer, ordretype, beskrivelse, device_id, status, opprettet_dato, symptomer_feil) VALUES (1027, N'ORD-10218', N'Service', N'Oppgradering av maskinutstyr', N'NAS-1027-001', N'Ferdig', '2022-09-26', N'Slitasje paa tenner paa skuffe');
INSERT INTO Orders (kundenummer, ordrenummer, ordretype, beskrivelse, device_id, status, opprettet_dato, symptomer_feil) VALUES (1028, N'ORD-10219', N'Garanti', N'Motoroverhaling', N'NAS-1028-001', N'Avsluttet', '2023-08-07', N'Setedemping slitt - vibrasjonsproblem');
INSERT INTO Orders (kundenummer, ordrenummer, ordretype, beskrivelse, device_id, status, opprettet_dato, symptomer_feil) VALUES (1028, N'ORD-10220', N'Deler', N'Bestilling av slitedeler', N'NAS-1028-001', N'Ferdig', '2024-08-18', N'');
INSERT INTO Orders (kundenummer, ordrenummer, ordretype, beskrivelse, device_id, status, opprettet_dato, symptomer_feil) VALUES (1028, N'ORD-10221', N'Reparasjon', N'Planlagt 1000-timers service', N'NAS-1028-002', N'Avsluttet', '2023-08-01', N'Setedemping slitt - vibrasjonsproblem');
INSERT INTO Orders (kundenummer, ordrenummer, ordretype, beskrivelse, device_id, status, opprettet_dato, symptomer_feil) VALUES (1028, N'ORD-10222', N'Deler', N'Oppgradering av maskinutstyr', N'NAS-1028-002', N'Under behandling', '2023-02-13', N'');
INSERT INTO Orders (kundenummer, ordrenummer, ordretype, beskrivelse, device_id, status, opprettet_dato, symptomer_feil) VALUES (1028, N'ORD-10223', N'Reparasjon', N'Ettermontering av kamera/sensor', N'NAS-1028-002', N'Mottatt', '2024-09-11', N'Boomcylinder har intern lekkasje');
INSERT INTO Orders (kundenummer, ordrenummer, ordretype, beskrivelse, device_id, status, opprettet_dato, symptomer_feil) VALUES (1028, N'ORD-10224', N'Garanti', N'Oppgradering av maskinutstyr', N'NAS-1028-001', N'Mottatt', '2023-08-07', N'Slitasje paa beltekjede');
INSERT INTO Orders (kundenummer, ordrenummer, ordretype, beskrivelse, device_id, status, opprettet_dato, symptomer_feil) VALUES (1029, N'ORD-10225', N'Service', N'Planlagt 2000-timers service', N'NAS-1029-003', N'Ferdig', '2023-04-28', N'Svinglager har unormal slitasje');
INSERT INTO Orders (kundenummer, ordrenummer, ordretype, beskrivelse, device_id, status, opprettet_dato, symptomer_feil) VALUES (1029, N'ORD-10226', N'Service', N'Planlagt 1000-timers service', N'NAS-1029-001', N'Mottatt', '2023-10-15', N'Parkeringsbrems loesner ikke');
INSERT INTO Orders (kundenummer, ordrenummer, ordretype, beskrivelse, device_id, status, opprettet_dato, symptomer_feil) VALUES (1029, N'ORD-10227', N'Service', N'Ettermontering av kamera/sensor', N'NAS-1029-003', N'Ferdig', '2022-10-27', N'Oljetrykk-varsel paa dashboard');
INSERT INTO Orders (kundenummer, ordrenummer, ordretype, beskrivelse, device_id, status, opprettet_dato, symptomer_feil) VALUES (1029, N'ORD-10228', N'Service', N'Planlagt 500-timers service', N'NAS-1029-002', N'Under behandling', '2024-08-18', N'Styresylinder lekker olje');
INSERT INTO Orders (kundenummer, ordrenummer, ordretype, beskrivelse, device_id, status, opprettet_dato, symptomer_feil) VALUES (1029, N'ORD-10229', N'Service', N'Sesongklargjoring for vinterbruk', N'NAS-1029-001', N'Mottatt', '2023-06-09', N'Aircondition fungerer ikke');
INSERT INTO Orders (kundenummer, ordrenummer, ordretype, beskrivelse, device_id, status, opprettet_dato, symptomer_feil) VALUES (1029, N'ORD-10230', N'Reparasjon', N'Oppgradering av maskinutstyr', N'NAS-1029-003', N'Avsluttet', '2022-08-16', N'Setedemping slitt - vibrasjonsproblem');
INSERT INTO Orders (kundenummer, ordrenummer, ordretype, beskrivelse, device_id, status, opprettet_dato, symptomer_feil) VALUES (1030, N'ORD-10231', N'Reparasjon', N'Utskifting av hydraulikkslanger', N'NAS-1030-004', N'Under behandling', '2022-06-25', N'Grabbrotator reagerer tregt');
INSERT INTO Orders (kundenummer, ordrenummer, ordretype, beskrivelse, device_id, status, opprettet_dato, symptomer_feil) VALUES (1030, N'ORD-10232', N'Garanti', N'Akutt reparasjon - maskin stoppet paa anlegg', N'NAS-1030-005', N'Mottatt', '2024-03-10', N'Boomcylinder har intern lekkasje');
INSERT INTO Orders (kundenummer, ordrenummer, ordretype, beskrivelse, device_id, status, opprettet_dato, symptomer_feil) VALUES (1030, N'ORD-10233', N'Deler', N'Aarlig service og vedlikehold', N'NAS-1030-006', N'Avsluttet', '2024-02-04', N'');
INSERT INTO Orders (kundenummer, ordrenummer, ordretype, beskrivelse, device_id, status, opprettet_dato, symptomer_feil) VALUES (1030, N'ORD-10234', N'Garanti', N'Reparasjon etter transportskade', N'NAS-1030-001', N'Ferdig', '2022-05-19', N'Kjoelesystem lekker');
INSERT INTO Orders (kundenummer, ordrenummer, ordretype, beskrivelse, device_id, status, opprettet_dato, symptomer_feil) VALUES (1030, N'ORD-10235', N'Reparasjon', N'Reparasjon etter transportskade', N'NAS-1030-006', N'Mottatt', '2023-11-12', N'Oljetrykk-varsel paa dashboard');
INSERT INTO Orders (kundenummer, ordrenummer, ordretype, beskrivelse, device_id, status, opprettet_dato, symptomer_feil) VALUES (1030, N'ORD-10236', N'Service', N'Planlagt 1000-timers service', N'NAS-1030-005', N'Ferdig', '2022-12-25', N'Topplanpakning lekker');
INSERT INTO Orders (kundenummer, ordrenummer, ordretype, beskrivelse, device_id, status, opprettet_dato, symptomer_feil) VALUES (1030, N'ORD-10237', N'Deler', N'Reparasjon etter transportskade', N'NAS-1030-004', N'Under behandling', '2022-10-04', N'');
INSERT INTO Orders (kundenummer, ordrenummer, ordretype, beskrivelse, device_id, status, opprettet_dato, symptomer_feil) VALUES (1030, N'ORD-10238', N'Service', N'Reparasjon etter transportskade', N'NAS-1030-007', N'Avsluttet', '2022-03-17', N'Bremsesystem trenger justering');
INSERT INTO Orders (kundenummer, ordrenummer, ordretype, beskrivelse, device_id, status, opprettet_dato, symptomer_feil) VALUES (1030, N'ORD-10239', N'Reparasjon', N'Aarlig service og vedlikehold', N'NAS-1030-007', N'Under behandling', '2022-03-27', N'Turbo gir lavere effekt enn normalt');
INSERT INTO Orders (kundenummer, ordrenummer, ordretype, beskrivelse, device_id, status, opprettet_dato, symptomer_feil) VALUES (1030, N'ORD-10240', N'Garanti', N'Oppgradering av maskinutstyr', N'NAS-1030-004', N'Avsluttet', '2023-06-03', N'Motor starter ikke ved lave temperaturer');
INSERT INTO Orders (kundenummer, ordrenummer, ordretype, beskrivelse, device_id, status, opprettet_dato, symptomer_feil) VALUES (1030, N'ORD-10241', N'Reparasjon', N'Planlagt 500-timers service', N'NAS-1030-003', N'Mottatt', '2023-11-11', N'Elektrisk feil i styringssystem');
INSERT INTO Orders (kundenummer, ordrenummer, ordretype, beskrivelse, device_id, status, opprettet_dato, symptomer_feil) VALUES (1030, N'ORD-10242', N'Service', N'Bytte av understellskomponenter', N'NAS-1030-003', N'Avsluttet', '2024-03-30', N'Vindusvisker defekt');
INSERT INTO Orders (kundenummer, ordrenummer, ordretype, beskrivelse, device_id, status, opprettet_dato, symptomer_feil) VALUES (1030, N'ORD-10243', N'Deler', N'Sesongklargjoring for vinterbruk', N'NAS-1030-004', N'Ferdig', '2023-01-18', N'');
INSERT INTO Orders (kundenummer, ordrenummer, ordretype, beskrivelse, device_id, status, opprettet_dato, symptomer_feil) VALUES (1030, N'ORD-10244', N'Deler', N'Reparasjon etter transportskade', N'NAS-1030-004', N'Ferdig', '2024-11-29', N'');
INSERT INTO Orders (kundenummer, ordrenummer, ordretype, beskrivelse, device_id, status, opprettet_dato, symptomer_feil) VALUES (1030, N'ORD-10245', N'Garanti', N'Bytte av understellskomponenter', N'NAS-1030-001', N'Avsluttet', '2022-06-11', N'Eksosutslipp over tillatte verdier');
INSERT INTO Orders (kundenummer, ordrenummer, ordretype, beskrivelse, device_id, status, opprettet_dato, symptomer_feil) VALUES (1030, N'ORD-10246', N'Reparasjon', N'Oppgradering av maskinutstyr', N'NAS-1030-003', N'Ferdig', '2022-07-30', N'Slitasje paa beltekjede');
INSERT INTO Orders (kundenummer, ordrenummer, ordretype, beskrivelse, device_id, status, opprettet_dato, symptomer_feil) VALUES (1030, N'ORD-10247', N'Garanti', N'Motoroverhaling', N'NAS-1030-003', N'Ferdig', '2024-07-02', N'Slitasje paa tenner paa skuffe');
INSERT INTO Orders (kundenummer, ordrenummer, ordretype, beskrivelse, device_id, status, opprettet_dato, symptomer_feil) VALUES (1030, N'ORD-10248', N'Deler', N'Garantireparasjon ihht. avtale', N'NAS-1030-006', N'Avsluttet', '2023-12-21', N'');
INSERT INTO Orders (kundenummer, ordrenummer, ordretype, beskrivelse, device_id, status, opprettet_dato, symptomer_feil) VALUES (1030, N'ORD-10249', N'Deler', N'Aarlig service og vedlikehold', N'NAS-1030-006', N'Ferdig', '2024-06-09', N'');
INSERT INTO Orders (kundenummer, ordrenummer, ordretype, beskrivelse, device_id, status, opprettet_dato, symptomer_feil) VALUES (1030, N'ORD-10250', N'Garanti', N'Motoroverhaling', N'NAS-1030-007', N'Mottatt', '2022-06-03', N'Hjullager paa venstre side slitt');
INSERT INTO Orders (kundenummer, ordrenummer, ordretype, beskrivelse, device_id, status, opprettet_dato, symptomer_feil) VALUES (1030, N'ORD-10251', N'Deler', N'Planlagt 1000-timers service', N'NAS-1030-005', N'Under behandling', '2022-03-05', N'');
INSERT INTO Orders (kundenummer, ordrenummer, ordretype, beskrivelse, device_id, status, opprettet_dato, symptomer_feil) VALUES (1031, N'ORD-10252', N'Reparasjon', N'Inspeksjon etter hendelse', N'NAS-1031-009', N'Avsluttet', '2025-02-24', N'Uvanlig stoey fra girkasse');
INSERT INTO Orders (kundenummer, ordrenummer, ordretype, beskrivelse, device_id, status, opprettet_dato, symptomer_feil) VALUES (1031, N'ORD-10253', N'Garanti', N'Bytte av understellskomponenter', N'NAS-1031-005', N'Avsluttet', '2023-03-16', N'Slitasje paa tenner paa skuffe');
INSERT INTO Orders (kundenummer, ordrenummer, ordretype, beskrivelse, device_id, status, opprettet_dato, symptomer_feil) VALUES (1031, N'ORD-10254', N'Garanti', N'Reparasjon etter transportskade', N'NAS-1031-008', N'Under behandling', '2022-09-09', N'Oljetrykk-varsel paa dashboard');
INSERT INTO Orders (kundenummer, ordrenummer, ordretype, beskrivelse, device_id, status, opprettet_dato, symptomer_feil) VALUES (1031, N'ORD-10255', N'Service', N'Inspeksjon etter hendelse', N'NAS-1031-003', N'Avsluttet', '2022-06-29', N'Rust paa understellsramme');
INSERT INTO Orders (kundenummer, ordrenummer, ordretype, beskrivelse, device_id, status, opprettet_dato, symptomer_feil) VALUES (1031, N'ORD-10256', N'Garanti', N'Motoroverhaling', N'NAS-1031-006', N'Mottatt', '2025-01-31', N'Hydraulikkpumpe gir redusert trykk');
INSERT INTO Orders (kundenummer, ordrenummer, ordretype, beskrivelse, device_id, status, opprettet_dato, symptomer_feil) VALUES (1031, N'ORD-10257', N'Garanti', N'Sesongklargjoring for vinterbruk', N'NAS-1031-005', N'Under behandling', '2022-12-23', N'Rust paa understellsramme');
INSERT INTO Orders (kundenummer, ordrenummer, ordretype, beskrivelse, device_id, status, opprettet_dato, symptomer_feil) VALUES (1031, N'ORD-10258', N'Garanti', N'Oppgradering av maskinutstyr', N'NAS-1031-004', N'Mottatt', '2023-02-16', N'Rust paa understellsramme');
INSERT INTO Orders (kundenummer, ordrenummer, ordretype, beskrivelse, device_id, status, opprettet_dato, symptomer_feil) VALUES (1031, N'ORD-10259', N'Reparasjon', N'Bestilling av slitedeler', N'NAS-1031-008', N'Mottatt', '2024-01-10', N'Hydraulikkpumpe gir redusert trykk');
INSERT INTO Orders (kundenummer, ordrenummer, ordretype, beskrivelse, device_id, status, opprettet_dato, symptomer_feil) VALUES (1031, N'ORD-10260', N'Garanti', N'Inspeksjon etter hendelse', N'NAS-1031-009', N'Under behandling', '2022-06-26', N'Slitasje paa beltekjede');
INSERT INTO Orders (kundenummer, ordrenummer, ordretype, beskrivelse, device_id, status, opprettet_dato, symptomer_feil) VALUES (1031, N'ORD-10261', N'Garanti', N'Planlagt 2000-timers service', N'NAS-1031-008', N'Avsluttet', '2024-04-18', N'Topplanpakning lekker');
INSERT INTO Orders (kundenummer, ordrenummer, ordretype, beskrivelse, device_id, status, opprettet_dato, symptomer_feil) VALUES (1032, N'ORD-10262', N'Garanti', N'Garantireparasjon ihht. avtale', N'NAS-1032-002', N'Ferdig', '2023-04-07', N'Kjoelesystem lekker');
INSERT INTO Orders (kundenummer, ordrenummer, ordretype, beskrivelse, device_id, status, opprettet_dato, symptomer_feil) VALUES (1032, N'ORD-10263', N'Garanti', N'Ettermontering av kamera/sensor', N'NAS-1032-001', N'Ferdig', '2023-02-07', N'Dieselfilter tett - hoeyt drivstofforbruk');
INSERT INTO Orders (kundenummer, ordrenummer, ordretype, beskrivelse, device_id, status, opprettet_dato, symptomer_feil) VALUES (1032, N'ORD-10264', N'Garanti', N'Garantireparasjon ihht. avtale', N'NAS-1032-006', N'Ferdig', '2024-12-28', N'Slitasje paa beltekjede');
INSERT INTO Orders (kundenummer, ordrenummer, ordretype, beskrivelse, device_id, status, opprettet_dato, symptomer_feil) VALUES (1032, N'ORD-10265', N'Reparasjon', N'Utskifting av hydraulikkslanger', N'NAS-1032-005', N'Under behandling', '2022-12-17', N'Hjullager paa venstre side slitt');
INSERT INTO Orders (kundenummer, ordrenummer, ordretype, beskrivelse, device_id, status, opprettet_dato, symptomer_feil) VALUES (1032, N'ORD-10266', N'Garanti', N'Ettermontering av kamera/sensor', N'NAS-1032-005', N'Mottatt', '2022-02-28', N'Slitasje paa beltekjede');
INSERT INTO Orders (kundenummer, ordrenummer, ordretype, beskrivelse, device_id, status, opprettet_dato, symptomer_feil) VALUES (1032, N'ORD-10267', N'Service', N'Motoroverhaling', N'NAS-1032-007', N'Ferdig', '2023-03-08', N'Setedemping slitt - vibrasjonsproblem');
INSERT INTO Orders (kundenummer, ordrenummer, ordretype, beskrivelse, device_id, status, opprettet_dato, symptomer_feil) VALUES (1032, N'ORD-10268', N'Deler', N'Utskifting av hydraulikkslanger', N'NAS-1032-006', N'Mottatt', '2024-10-16', N'');
INSERT INTO Orders (kundenummer, ordrenummer, ordretype, beskrivelse, device_id, status, opprettet_dato, symptomer_feil) VALUES (1032, N'ORD-10269', N'Garanti', N'Motoroverhaling', N'NAS-1032-003', N'Avsluttet', '2023-05-17', N'Rust paa understellsramme');
INSERT INTO Orders (kundenummer, ordrenummer, ordretype, beskrivelse, device_id, status, opprettet_dato, symptomer_feil) VALUES (1032, N'ORD-10270', N'Deler', N'Planlagt 500-timers service', N'NAS-1032-004', N'Mottatt', '2022-05-03', N'');
INSERT INTO Orders (kundenummer, ordrenummer, ordretype, beskrivelse, device_id, status, opprettet_dato, symptomer_feil) VALUES (1032, N'ORD-10271', N'Reparasjon', N'Inspeksjon etter hendelse', N'NAS-1032-004', N'Avsluttet', '2024-08-09', N'Aircondition fungerer ikke');
INSERT INTO Orders (kundenummer, ordrenummer, ordretype, beskrivelse, device_id, status, opprettet_dato, symptomer_feil) VALUES (1032, N'ORD-10272', N'Garanti', N'Utskifting av hydraulikkslanger', N'NAS-1032-002', N'Ferdig', '2023-10-16', N'Vindusvisker defekt');
INSERT INTO Orders (kundenummer, ordrenummer, ordretype, beskrivelse, device_id, status, opprettet_dato, symptomer_feil) VALUES (1032, N'ORD-10273', N'Garanti', N'Planlagt 2000-timers service', N'NAS-1032-002', N'Ferdig', '2024-11-20', N'Hydraulikkpumpe gir redusert trykk');
INSERT INTO Orders (kundenummer, ordrenummer, ordretype, beskrivelse, device_id, status, opprettet_dato, symptomer_feil) VALUES (1032, N'ORD-10274', N'Service', N'Planlagt 1000-timers service', N'NAS-1032-002', N'Avsluttet', '2022-09-08', N'Elektrisk feil i styringssystem');
INSERT INTO Orders (kundenummer, ordrenummer, ordretype, beskrivelse, device_id, status, opprettet_dato, symptomer_feil) VALUES (1032, N'ORD-10275', N'Deler', N'Bestilling av slitedeler', N'NAS-1032-002', N'Mottatt', '2022-04-14', N'');
INSERT INTO Orders (kundenummer, ordrenummer, ordretype, beskrivelse, device_id, status, opprettet_dato, symptomer_feil) VALUES (1033, N'ORD-10276', N'Deler', N'Aarlig service og vedlikehold', N'NAS-1033-001', N'Avsluttet', '2024-11-01', N'');
INSERT INTO Orders (kundenummer, ordrenummer, ordretype, beskrivelse, device_id, status, opprettet_dato, symptomer_feil) VALUES (1033, N'ORD-10277', N'Deler', N'Bestilling av slitedeler', N'NAS-1033-002', N'Ferdig', '2022-04-10', N'');
INSERT INTO Orders (kundenummer, ordrenummer, ordretype, beskrivelse, device_id, status, opprettet_dato, symptomer_feil) VALUES (1033, N'ORD-10278', N'Service', N'Planlagt 500-timers service', N'NAS-1033-004', N'Avsluttet', '2023-08-09', N'Hydraulikkpumpe gir redusert trykk');
INSERT INTO Orders (kundenummer, ordrenummer, ordretype, beskrivelse, device_id, status, opprettet_dato, symptomer_feil) VALUES (1033, N'ORD-10279', N'Service', N'Ettermontering av kamera/sensor', N'NAS-1033-001', N'Avsluttet', '2022-10-02', N'Joystick reagerer ujevnt');
INSERT INTO Orders (kundenummer, ordrenummer, ordretype, beskrivelse, device_id, status, opprettet_dato, symptomer_feil) VALUES (1033, N'ORD-10280', N'Garanti', N'Reparasjon etter transportskade', N'NAS-1033-003', N'Avsluttet', '2024-01-20', N'Motor starter ikke ved lave temperaturer');
INSERT INTO Orders (kundenummer, ordrenummer, ordretype, beskrivelse, device_id, status, opprettet_dato, symptomer_feil) VALUES (1034, N'ORD-10281', N'Service', N'Aarlig service og vedlikehold', N'NAS-1034-001', N'Under behandling', '2023-11-14', N'Rust paa understellsramme');
INSERT INTO Orders (kundenummer, ordrenummer, ordretype, beskrivelse, device_id, status, opprettet_dato, symptomer_feil) VALUES (1034, N'ORD-10282', N'Deler', N'Oppgradering av maskinutstyr', N'NAS-1034-008', N'Under behandling', '2024-11-21', N'');
INSERT INTO Orders (kundenummer, ordrenummer, ordretype, beskrivelse, device_id, status, opprettet_dato, symptomer_feil) VALUES (1034, N'ORD-10283', N'Reparasjon', N'Planlagt 1000-timers service', N'NAS-1034-006', N'Under behandling', '2024-03-15', N'Slitasje paa tenner paa skuffe');
INSERT INTO Orders (kundenummer, ordrenummer, ordretype, beskrivelse, device_id, status, opprettet_dato, symptomer_feil) VALUES (1034, N'ORD-10284', N'Garanti', N'Utskifting av hydraulikkslanger', N'NAS-1034-006', N'Avsluttet', '2025-02-26', N'Bremsesystem trenger justering');
INSERT INTO Orders (kundenummer, ordrenummer, ordretype, beskrivelse, device_id, status, opprettet_dato, symptomer_feil) VALUES (1034, N'ORD-10285', N'Deler', N'Ettermontering av kamera/sensor', N'NAS-1034-001', N'Ferdig', '2023-11-10', N'');
INSERT INTO Orders (kundenummer, ordrenummer, ordretype, beskrivelse, device_id, status, opprettet_dato, symptomer_feil) VALUES (1034, N'ORD-10286', N'Service', N'Planlagt 2000-timers service', N'NAS-1034-005', N'Mottatt', '2024-08-29', N'Elektrisk feil i styringssystem');
INSERT INTO Orders (kundenummer, ordrenummer, ordretype, beskrivelse, device_id, status, opprettet_dato, symptomer_feil) VALUES (1034, N'ORD-10287', N'Reparasjon', N'Reparasjon etter transportskade', N'NAS-1034-001', N'Avsluttet', '2022-12-16', N'Grabbrotator reagerer tregt');
INSERT INTO Orders (kundenummer, ordrenummer, ordretype, beskrivelse, device_id, status, opprettet_dato, symptomer_feil) VALUES (1034, N'ORD-10288', N'Deler', N'Garantireparasjon ihht. avtale', N'NAS-1034-004', N'Mottatt', '2025-03-18', N'');
INSERT INTO Orders (kundenummer, ordrenummer, ordretype, beskrivelse, device_id, status, opprettet_dato, symptomer_feil) VALUES (1034, N'ORD-10289', N'Service', N'Bestilling av slitedeler', N'NAS-1034-001', N'Avsluttet', '2023-10-05', N'Eksosutslipp over tillatte verdier');
INSERT INTO Orders (kundenummer, ordrenummer, ordretype, beskrivelse, device_id, status, opprettet_dato, symptomer_feil) VALUES (1034, N'ORD-10290', N'Reparasjon', N'Planlagt 2000-timers service', N'NAS-1034-004', N'Avsluttet', '2024-10-24', N'Setedemping slitt - vibrasjonsproblem');
INSERT INTO Orders (kundenummer, ordrenummer, ordretype, beskrivelse, device_id, status, opprettet_dato, symptomer_feil) VALUES (1034, N'ORD-10291', N'Deler', N'Ettermontering av kamera/sensor', N'NAS-1034-001', N'Under behandling', '2024-11-28', N'');
INSERT INTO Orders (kundenummer, ordrenummer, ordretype, beskrivelse, device_id, status, opprettet_dato, symptomer_feil) VALUES (1034, N'ORD-10292', N'Reparasjon', N'Oppgradering av maskinutstyr', N'NAS-1034-006', N'Avsluttet', '2024-12-12', N'Svinglager har unormal slitasje');
INSERT INTO Orders (kundenummer, ordrenummer, ordretype, beskrivelse, device_id, status, opprettet_dato, symptomer_feil) VALUES (1034, N'ORD-10293', N'Garanti', N'Garantireparasjon ihht. avtale', N'NAS-1034-008', N'Ferdig', '2025-01-23', N'Kjoelesystem lekker');
INSERT INTO Orders (kundenummer, ordrenummer, ordretype, beskrivelse, device_id, status, opprettet_dato, symptomer_feil) VALUES (1034, N'ORD-10294', N'Garanti', N'Utskifting av hydraulikkslanger', N'NAS-1034-008', N'Under behandling', '2023-05-20', N'Elektrisk feil i styringssystem');
INSERT INTO Orders (kundenummer, ordrenummer, ordretype, beskrivelse, device_id, status, opprettet_dato, symptomer_feil) VALUES (1034, N'ORD-10295', N'Garanti', N'Bestilling av slitedeler', N'NAS-1034-005', N'Ferdig', '2023-03-01', N'GPS/maskinstyring mister signal');
INSERT INTO Orders (kundenummer, ordrenummer, ordretype, beskrivelse, device_id, status, opprettet_dato, symptomer_feil) VALUES (1034, N'ORD-10296', N'Deler', N'Planlagt 1000-timers service', N'NAS-1034-008', N'Ferdig', '2025-02-21', N'');
INSERT INTO Orders (kundenummer, ordrenummer, ordretype, beskrivelse, device_id, status, opprettet_dato, symptomer_feil) VALUES (1034, N'ORD-10297', N'Garanti', N'Planlagt 500-timers service', N'NAS-1034-002', N'Avsluttet', '2024-03-19', N'Topplanpakning lekker');
INSERT INTO Orders (kundenummer, ordrenummer, ordretype, beskrivelse, device_id, status, opprettet_dato, symptomer_feil) VALUES (1034, N'ORD-10298', N'Garanti', N'Bytte av understellskomponenter', N'NAS-1034-003', N'Ferdig', '2022-03-28', N'Bremsesystem trenger justering');
INSERT INTO Orders (kundenummer, ordrenummer, ordretype, beskrivelse, device_id, status, opprettet_dato, symptomer_feil) VALUES (1034, N'ORD-10299', N'Service', N'Planlagt 1000-timers service', N'NAS-1034-008', N'Ferdig', '2024-09-08', N'Aircondition fungerer ikke');
INSERT INTO Orders (kundenummer, ordrenummer, ordretype, beskrivelse, device_id, status, opprettet_dato, symptomer_feil) VALUES (1034, N'ORD-10300', N'Reparasjon', N'Ettermontering av kamera/sensor', N'NAS-1034-009', N'Ferdig', '2025-02-25', N'GPS/maskinstyring mister signal');
INSERT INTO Orders (kundenummer, ordrenummer, ordretype, beskrivelse, device_id, status, opprettet_dato, symptomer_feil) VALUES (1034, N'ORD-10301', N'Garanti', N'Garantireparasjon ihht. avtale', N'NAS-1034-002', N'Under behandling', '2023-05-12', N'Motor starter ikke ved lave temperaturer');
INSERT INTO Orders (kundenummer, ordrenummer, ordretype, beskrivelse, device_id, status, opprettet_dato, symptomer_feil) VALUES (1034, N'ORD-10302', N'Reparasjon', N'Motoroverhaling', N'NAS-1034-004', N'Mottatt', '2022-07-25', N'Eksosutslipp over tillatte verdier');
INSERT INTO Orders (kundenummer, ordrenummer, ordretype, beskrivelse, device_id, status, opprettet_dato, symptomer_feil) VALUES (1036, N'ORD-10303', N'Garanti', N'Utskifting av hydraulikkslanger', N'NAS-1036-002', N'Ferdig', '2023-08-06', N'Styresylinder lekker olje');
INSERT INTO Orders (kundenummer, ordrenummer, ordretype, beskrivelse, device_id, status, opprettet_dato, symptomer_feil) VALUES (1036, N'ORD-10304', N'Deler', N'Sesongklargjoring for vinterbruk', N'NAS-1036-003', N'Avsluttet', '2023-07-13', N'');
INSERT INTO Orders (kundenummer, ordrenummer, ordretype, beskrivelse, device_id, status, opprettet_dato, symptomer_feil) VALUES (1036, N'ORD-10305', N'Reparasjon', N'Bytte av understellskomponenter', N'NAS-1036-002', N'Ferdig', '2022-11-29', N'Vindusvisker defekt');
INSERT INTO Orders (kundenummer, ordrenummer, ordretype, beskrivelse, device_id, status, opprettet_dato, symptomer_feil) VALUES (1036, N'ORD-10306', N'Deler', N'Motoroverhaling', N'NAS-1036-005', N'Under behandling', '2022-01-29', N'');
INSERT INTO Orders (kundenummer, ordrenummer, ordretype, beskrivelse, device_id, status, opprettet_dato, symptomer_feil) VALUES (1036, N'ORD-10307', N'Garanti', N'Bytte av understellskomponenter', N'NAS-1036-005', N'Under behandling', '2022-12-26', N'Slitasje paa tenner paa skuffe');
INSERT INTO Orders (kundenummer, ordrenummer, ordretype, beskrivelse, device_id, status, opprettet_dato, symptomer_feil) VALUES (1036, N'ORD-10308', N'Deler', N'Ettermontering av kamera/sensor', N'NAS-1036-007', N'Ferdig', '2022-06-27', N'');
INSERT INTO Orders (kundenummer, ordrenummer, ordretype, beskrivelse, device_id, status, opprettet_dato, symptomer_feil) VALUES (1036, N'ORD-10309', N'Deler', N'Motoroverhaling', N'NAS-1036-002', N'Under behandling', '2022-10-15', N'');
INSERT INTO Orders (kundenummer, ordrenummer, ordretype, beskrivelse, device_id, status, opprettet_dato, symptomer_feil) VALUES (1036, N'ORD-10310', N'Deler', N'Planlagt 1000-timers service', N'NAS-1036-004', N'Mottatt', '2023-06-19', N'');
INSERT INTO Orders (kundenummer, ordrenummer, ordretype, beskrivelse, device_id, status, opprettet_dato, symptomer_feil) VALUES (1036, N'ORD-10311', N'Deler', N'Bestilling av slitedeler', N'NAS-1036-008', N'Ferdig', '2023-11-07', N'');
INSERT INTO Orders (kundenummer, ordrenummer, ordretype, beskrivelse, device_id, status, opprettet_dato, symptomer_feil) VALUES (1036, N'ORD-10312', N'Garanti', N'Utskifting av hydraulikkslanger', N'NAS-1036-001', N'Ferdig', '2024-01-07', N'GPS/maskinstyring mister signal');
INSERT INTO Orders (kundenummer, ordrenummer, ordretype, beskrivelse, device_id, status, opprettet_dato, symptomer_feil) VALUES (1037, N'ORD-10313', N'Service', N'Oppgradering av maskinutstyr', N'NAS-1037-008', N'Ferdig', '2022-06-09', N'Parkeringsbrems loesner ikke');
INSERT INTO Orders (kundenummer, ordrenummer, ordretype, beskrivelse, device_id, status, opprettet_dato, symptomer_feil) VALUES (1037, N'ORD-10314', N'Service', N'Aarlig service og vedlikehold', N'NAS-1037-009', N'Under behandling', '2025-03-18', N'Hydraulikkpumpe gir redusert trykk');
INSERT INTO Orders (kundenummer, ordrenummer, ordretype, beskrivelse, device_id, status, opprettet_dato, symptomer_feil) VALUES (1037, N'ORD-10315', N'Reparasjon', N'Garantireparasjon ihht. avtale', N'NAS-1037-006', N'Avsluttet', '2022-08-27', N'Hjullager paa venstre side slitt');
INSERT INTO Orders (kundenummer, ordrenummer, ordretype, beskrivelse, device_id, status, opprettet_dato, symptomer_feil) VALUES (1037, N'ORD-10316', N'Reparasjon', N'Reparasjon etter transportskade', N'NAS-1037-010', N'Avsluttet', '2022-07-06', N'Joystick reagerer ujevnt');
INSERT INTO Orders (kundenummer, ordrenummer, ordretype, beskrivelse, device_id, status, opprettet_dato, symptomer_feil) VALUES (1037, N'ORD-10317', N'Deler', N'Bytte av understellskomponenter', N'NAS-1037-001', N'Avsluttet', '2022-09-28', N'');
INSERT INTO Orders (kundenummer, ordrenummer, ordretype, beskrivelse, device_id, status, opprettet_dato, symptomer_feil) VALUES (1037, N'ORD-10318', N'Deler', N'Inspeksjon etter hendelse', N'NAS-1037-010', N'Mottatt', '2025-02-18', N'');
INSERT INTO Orders (kundenummer, ordrenummer, ordretype, beskrivelse, device_id, status, opprettet_dato, symptomer_feil) VALUES (1037, N'ORD-10319', N'Deler', N'Motoroverhaling', N'NAS-1037-005', N'Mottatt', '2024-03-21', N'');
INSERT INTO Orders (kundenummer, ordrenummer, ordretype, beskrivelse, device_id, status, opprettet_dato, symptomer_feil) VALUES (1037, N'ORD-10320', N'Garanti', N'Ettermontering av kamera/sensor', N'NAS-1037-001', N'Under behandling', '2025-03-30', N'Slitasje paa beltekjede');
INSERT INTO Orders (kundenummer, ordrenummer, ordretype, beskrivelse, device_id, status, opprettet_dato, symptomer_feil) VALUES (1037, N'ORD-10321', N'Service', N'Planlagt 2000-timers service', N'NAS-1037-006', N'Mottatt', '2025-01-13', N'Motor starter ikke ved lave temperaturer');
INSERT INTO Orders (kundenummer, ordrenummer, ordretype, beskrivelse, device_id, status, opprettet_dato, symptomer_feil) VALUES (1037, N'ORD-10322', N'Service', N'Sesongklargjoring for vinterbruk', N'NAS-1037-008', N'Mottatt', '2023-08-11', N'Eksosutslipp over tillatte verdier');
INSERT INTO Orders (kundenummer, ordrenummer, ordretype, beskrivelse, device_id, status, opprettet_dato, symptomer_feil) VALUES (1037, N'ORD-10323', N'Reparasjon', N'Bytte av understellskomponenter', N'NAS-1037-003', N'Avsluttet', '2024-02-06', N'Joystick reagerer ujevnt');
INSERT INTO Orders (kundenummer, ordrenummer, ordretype, beskrivelse, device_id, status, opprettet_dato, symptomer_feil) VALUES (1037, N'ORD-10324', N'Deler', N'Inspeksjon etter hendelse', N'NAS-1037-007', N'Avsluttet', '2022-06-14', N'');
INSERT INTO Orders (kundenummer, ordrenummer, ordretype, beskrivelse, device_id, status, opprettet_dato, symptomer_feil) VALUES (1037, N'ORD-10325', N'Reparasjon', N'Motoroverhaling', N'NAS-1037-006', N'Mottatt', '2023-01-01', N'Hydraulikkpumpe gir redusert trykk');
INSERT INTO Orders (kundenummer, ordrenummer, ordretype, beskrivelse, device_id, status, opprettet_dato, symptomer_feil) VALUES (1037, N'ORD-10326', N'Deler', N'Oppgradering av maskinutstyr', N'NAS-1037-003', N'Under behandling', '2022-01-08', N'');
INSERT INTO Orders (kundenummer, ordrenummer, ordretype, beskrivelse, device_id, status, opprettet_dato, symptomer_feil) VALUES (1037, N'ORD-10327', N'Service', N'Planlagt 500-timers service', N'NAS-1037-008', N'Avsluttet', '2024-12-25', N'Svinglager har unormal slitasje');
INSERT INTO Orders (kundenummer, ordrenummer, ordretype, beskrivelse, device_id, status, opprettet_dato, symptomer_feil) VALUES (1037, N'ORD-10328', N'Reparasjon', N'Bestilling av slitedeler', N'NAS-1037-008', N'Ferdig', '2022-11-14', N'Elektrisk feil i styringssystem');
INSERT INTO Orders (kundenummer, ordrenummer, ordretype, beskrivelse, device_id, status, opprettet_dato, symptomer_feil) VALUES (1037, N'ORD-10329', N'Reparasjon', N'Sesongklargjoring for vinterbruk', N'NAS-1037-002', N'Mottatt', '2024-05-08', N'Slitasje paa tenner paa skuffe');
INSERT INTO Orders (kundenummer, ordrenummer, ordretype, beskrivelse, device_id, status, opprettet_dato, symptomer_feil) VALUES (1039, N'ORD-10330', N'Garanti', N'Bestilling av slitedeler', N'NAS-1039-003', N'Ferdig', '2023-05-01', N'Bremsesystem trenger justering');
INSERT INTO Orders (kundenummer, ordrenummer, ordretype, beskrivelse, device_id, status, opprettet_dato, symptomer_feil) VALUES (1039, N'ORD-10331', N'Reparasjon', N'Motoroverhaling', N'NAS-1039-002', N'Avsluttet', '2023-09-08', N'Elektrisk feil i styringssystem');
INSERT INTO Orders (kundenummer, ordrenummer, ordretype, beskrivelse, device_id, status, opprettet_dato, symptomer_feil) VALUES (1039, N'ORD-10332', N'Service', N'Oppgradering av maskinutstyr', N'NAS-1039-002', N'Avsluttet', '2025-02-12', N'Automatisk sentralsmoering virker ikke');
INSERT INTO Orders (kundenummer, ordrenummer, ordretype, beskrivelse, device_id, status, opprettet_dato, symptomer_feil) VALUES (1039, N'ORD-10333', N'Service', N'Planlagt 1000-timers service', N'NAS-1039-004', N'Ferdig', '2024-05-02', N'Eksosutslipp over tillatte verdier');
INSERT INTO Orders (kundenummer, ordrenummer, ordretype, beskrivelse, device_id, status, opprettet_dato, symptomer_feil) VALUES (1039, N'ORD-10334', N'Reparasjon', N'Planlagt 500-timers service', N'NAS-1039-004', N'Under behandling', '2025-01-06', N'Automatisk sentralsmoering virker ikke');
INSERT INTO Orders (kundenummer, ordrenummer, ordretype, beskrivelse, device_id, status, opprettet_dato, symptomer_feil) VALUES (1039, N'ORD-10335', N'Reparasjon', N'Ettermontering av kamera/sensor', N'NAS-1039-002', N'Ferdig', '2022-10-23', N'Rust paa understellsramme');
INSERT INTO Orders (kundenummer, ordrenummer, ordretype, beskrivelse, device_id, status, opprettet_dato, symptomer_feil) VALUES (1039, N'ORD-10336', N'Deler', N'Sesongklargjoring for vinterbruk', N'NAS-1039-001', N'Avsluttet', '2024-05-03', N'');
INSERT INTO Orders (kundenummer, ordrenummer, ordretype, beskrivelse, device_id, status, opprettet_dato, symptomer_feil) VALUES (1040, N'ORD-10337', N'Reparasjon', N'Bytte av understellskomponenter', N'NAS-1040-005', N'Under behandling', '2024-09-08', N'Aircondition fungerer ikke');
INSERT INTO Orders (kundenummer, ordrenummer, ordretype, beskrivelse, device_id, status, opprettet_dato, symptomer_feil) VALUES (1040, N'ORD-10338', N'Garanti', N'Planlagt 500-timers service', N'NAS-1040-001', N'Under behandling', '2023-01-25', N'Vindusvisker defekt');
INSERT INTO Orders (kundenummer, ordrenummer, ordretype, beskrivelse, device_id, status, opprettet_dato, symptomer_feil) VALUES (1040, N'ORD-10339', N'Service', N'Reparasjon etter transportskade', N'NAS-1040-004', N'Under behandling', '2023-02-23', N'Svinglager har unormal slitasje');
INSERT INTO Orders (kundenummer, ordrenummer, ordretype, beskrivelse, device_id, status, opprettet_dato, symptomer_feil) VALUES (1040, N'ORD-10340', N'Reparasjon', N'Oppgradering av maskinutstyr', N'NAS-1040-003', N'Ferdig', '2024-02-19', N'Styresylinder lekker olje');
INSERT INTO Orders (kundenummer, ordrenummer, ordretype, beskrivelse, device_id, status, opprettet_dato, symptomer_feil) VALUES (1040, N'ORD-10341', N'Garanti', N'Planlagt 500-timers service', N'NAS-1040-003', N'Ferdig', '2024-11-16', N'Joystick reagerer ujevnt');
INSERT INTO Orders (kundenummer, ordrenummer, ordretype, beskrivelse, device_id, status, opprettet_dato, symptomer_feil) VALUES (1040, N'ORD-10342', N'Deler', N'Inspeksjon etter hendelse', N'NAS-1040-001', N'Avsluttet', '2023-10-18', N'');
INSERT INTO Orders (kundenummer, ordrenummer, ordretype, beskrivelse, device_id, status, opprettet_dato, symptomer_feil) VALUES (1040, N'ORD-10343', N'Reparasjon', N'Planlagt 1000-timers service', N'NAS-1040-003', N'Avsluttet', '2022-04-04', N'Feilkode paa motorstyringsenheten');
INSERT INTO Orders (kundenummer, ordrenummer, ordretype, beskrivelse, device_id, status, opprettet_dato, symptomer_feil) VALUES (1040, N'ORD-10344', N'Reparasjon', N'Reparasjon etter transportskade', N'NAS-1040-002', N'Mottatt', '2023-06-19', N'Hydraulikkpumpe gir redusert trykk');
INSERT INTO Orders (kundenummer, ordrenummer, ordretype, beskrivelse, device_id, status, opprettet_dato, symptomer_feil) VALUES (1040, N'ORD-10345', N'Deler', N'Planlagt 500-timers service', N'NAS-1040-002', N'Under behandling', '2023-11-07', N'');
INSERT INTO Orders (kundenummer, ordrenummer, ordretype, beskrivelse, device_id, status, opprettet_dato, symptomer_feil) VALUES (1040, N'ORD-10346', N'Reparasjon', N'Planlagt 2000-timers service', N'NAS-1040-005', N'Under behandling', '2024-10-19', N'Hydraulikkpumpe gir redusert trykk');
INSERT INTO Orders (kundenummer, ordrenummer, ordretype, beskrivelse, device_id, status, opprettet_dato, symptomer_feil) VALUES (1040, N'ORD-10347', N'Garanti', N'Planlagt 500-timers service', N'NAS-1040-004', N'Avsluttet', '2024-08-01', N'Knekkledd har for mye slark');
INSERT INTO Orders (kundenummer, ordrenummer, ordretype, beskrivelse, device_id, status, opprettet_dato, symptomer_feil) VALUES (1040, N'ORD-10348', N'Garanti', N'Garantireparasjon ihht. avtale', N'NAS-1040-002', N'Avsluttet', '2023-01-12', N'Parkeringsbrems loesner ikke');
INSERT INTO Orders (kundenummer, ordrenummer, ordretype, beskrivelse, device_id, status, opprettet_dato, symptomer_feil) VALUES (1042, N'ORD-10349', N'Service', N'Aarlig service og vedlikehold', N'NAS-1042-004', N'Mottatt', '2022-02-04', N'Grabbrotator reagerer tregt');
INSERT INTO Orders (kundenummer, ordrenummer, ordretype, beskrivelse, device_id, status, opprettet_dato, symptomer_feil) VALUES (1042, N'ORD-10350', N'Garanti', N'Oppgradering av maskinutstyr', N'NAS-1042-003', N'Mottatt', '2024-10-25', N'Topplanpakning lekker');
INSERT INTO Orders (kundenummer, ordrenummer, ordretype, beskrivelse, device_id, status, opprettet_dato, symptomer_feil) VALUES (1042, N'ORD-10351', N'Deler', N'Bytte av understellskomponenter', N'NAS-1042-002', N'Mottatt', '2022-07-17', N'');
INSERT INTO Orders (kundenummer, ordrenummer, ordretype, beskrivelse, device_id, status, opprettet_dato, symptomer_feil) VALUES (1042, N'ORD-10352', N'Reparasjon', N'Bestilling av slitedeler', N'NAS-1042-002', N'Ferdig', '2023-12-27', N'Elektrisk feil i styringssystem');
INSERT INTO Orders (kundenummer, ordrenummer, ordretype, beskrivelse, device_id, status, opprettet_dato, symptomer_feil) VALUES (1042, N'ORD-10353', N'Deler', N'Akutt reparasjon - maskin stoppet paa anlegg', N'NAS-1042-003', N'Avsluttet', '2024-07-29', N'');
INSERT INTO Orders (kundenummer, ordrenummer, ordretype, beskrivelse, device_id, status, opprettet_dato, symptomer_feil) VALUES (1042, N'ORD-10354', N'Reparasjon', N'Reparasjon etter transportskade', N'NAS-1042-002', N'Ferdig', '2022-06-15', N'Dieselfilter tett - hoeyt drivstofforbruk');
INSERT INTO Orders (kundenummer, ordrenummer, ordretype, beskrivelse, device_id, status, opprettet_dato, symptomer_feil) VALUES (1043, N'ORD-10355', N'Service', N'Motoroverhaling', N'NAS-1043-001', N'Under behandling', '2022-06-19', N'Automatisk sentralsmoering virker ikke');
INSERT INTO Orders (kundenummer, ordrenummer, ordretype, beskrivelse, device_id, status, opprettet_dato, symptomer_feil) VALUES (1045, N'ORD-10356', N'Service', N'Garantireparasjon ihht. avtale', N'NAS-1045-001', N'Mottatt', '2023-03-01', N'Feilkode paa motorstyringsenheten');
INSERT INTO Orders (kundenummer, ordrenummer, ordretype, beskrivelse, device_id, status, opprettet_dato, symptomer_feil) VALUES (1046, N'ORD-10357', N'Garanti', N'Planlagt 2000-timers service', N'NAS-1046-001', N'Mottatt', '2024-10-22', N'Vindusvisker defekt');
INSERT INTO Orders (kundenummer, ordrenummer, ordretype, beskrivelse, device_id, status, opprettet_dato, symptomer_feil) VALUES (1046, N'ORD-10358', N'Garanti', N'Aarlig service og vedlikehold', N'NAS-1046-001', N'Avsluttet', '2023-04-21', N'Topplanpakning lekker');
INSERT INTO Orders (kundenummer, ordrenummer, ordretype, beskrivelse, device_id, status, opprettet_dato, symptomer_feil) VALUES (1046, N'ORD-10359', N'Service', N'Planlagt 1000-timers service', N'NAS-1046-002', N'Ferdig', '2022-03-02', N'Dieselfilter tett - hoeyt drivstofforbruk');
INSERT INTO Orders (kundenummer, ordrenummer, ordretype, beskrivelse, device_id, status, opprettet_dato, symptomer_feil) VALUES (1046, N'ORD-10360', N'Garanti', N'Bytte av understellskomponenter', N'NAS-1046-002', N'Avsluttet', '2023-04-13', N'Kjoelesystem lekker');
INSERT INTO Orders (kundenummer, ordrenummer, ordretype, beskrivelse, device_id, status, opprettet_dato, symptomer_feil) VALUES (1046, N'ORD-10361', N'Deler', N'Planlagt 2000-timers service', N'NAS-1046-001', N'Avsluttet', '2022-06-25', N'');
INSERT INTO Orders (kundenummer, ordrenummer, ordretype, beskrivelse, device_id, status, opprettet_dato, symptomer_feil) VALUES (1046, N'ORD-10362', N'Garanti', N'Bytte av understellskomponenter', N'NAS-1046-001', N'Mottatt', '2022-06-18', N'Elektrisk feil i styringssystem');
INSERT INTO Orders (kundenummer, ordrenummer, ordretype, beskrivelse, device_id, status, opprettet_dato, symptomer_feil) VALUES (1046, N'ORD-10363', N'Reparasjon', N'Planlagt 2000-timers service', N'NAS-1046-001', N'Avsluttet', '2023-10-11', N'Kjoelesystem lekker');
INSERT INTO Orders (kundenummer, ordrenummer, ordretype, beskrivelse, device_id, status, opprettet_dato, symptomer_feil) VALUES (1047, N'ORD-10364', N'Service', N'Garantireparasjon ihht. avtale', N'NAS-1047-002', N'Avsluttet', '2025-02-14', N'Hydraulikkpumpe gir redusert trykk');
INSERT INTO Orders (kundenummer, ordrenummer, ordretype, beskrivelse, device_id, status, opprettet_dato, symptomer_feil) VALUES (1047, N'ORD-10365', N'Deler', N'Akutt reparasjon - maskin stoppet paa anlegg', N'NAS-1047-001', N'Mottatt', '2023-12-26', N'');
INSERT INTO Orders (kundenummer, ordrenummer, ordretype, beskrivelse, device_id, status, opprettet_dato, symptomer_feil) VALUES (1047, N'ORD-10366', N'Service', N'Utskifting av hydraulikkslanger', N'NAS-1047-002', N'Avsluttet', '2022-01-26', N'Bremsesystem trenger justering');
INSERT INTO Orders (kundenummer, ordrenummer, ordretype, beskrivelse, device_id, status, opprettet_dato, symptomer_feil) VALUES (1047, N'ORD-10367', N'Deler', N'Planlagt 2000-timers service', N'NAS-1047-001', N'Under behandling', '2025-03-17', N'');
INSERT INTO Orders (kundenummer, ordrenummer, ordretype, beskrivelse, device_id, status, opprettet_dato, symptomer_feil) VALUES (1048, N'ORD-10368', N'Deler', N'Garantireparasjon ihht. avtale', N'NAS-1048-001', N'Under behandling', '2024-06-09', N'');
INSERT INTO Orders (kundenummer, ordrenummer, ordretype, beskrivelse, device_id, status, opprettet_dato, symptomer_feil) VALUES (1049, N'ORD-10369', N'Reparasjon', N'Reparasjon etter transportskade', N'NAS-1049-001', N'Under behandling', '2024-07-26', N'Uvanlig stoey fra girkasse');
INSERT INTO Orders (kundenummer, ordrenummer, ordretype, beskrivelse, device_id, status, opprettet_dato, symptomer_feil) VALUES (1050, N'ORD-10370', N'Reparasjon', N'Planlagt 2000-timers service', N'NAS-1050-003', N'Ferdig', '2024-10-02', N'Feilkode paa motorstyringsenheten');
INSERT INTO Orders (kundenummer, ordrenummer, ordretype, beskrivelse, device_id, status, opprettet_dato, symptomer_feil) VALUES (1050, N'ORD-10371', N'Reparasjon', N'Planlagt 1000-timers service', N'NAS-1050-004', N'Ferdig', '2024-03-15', N'Kjoelesystem lekker');
INSERT INTO Orders (kundenummer, ordrenummer, ordretype, beskrivelse, device_id, status, opprettet_dato, symptomer_feil) VALUES (1050, N'ORD-10372', N'Service', N'Sesongklargjoring for vinterbruk', N'NAS-1050-005', N'Under behandling', '2025-01-22', N'Knekkledd har for mye slark');
INSERT INTO Orders (kundenummer, ordrenummer, ordretype, beskrivelse, device_id, status, opprettet_dato, symptomer_feil) VALUES (1050, N'ORD-10373', N'Service', N'Reparasjon etter transportskade', N'NAS-1050-004', N'Under behandling', '2024-06-16', N'Rust paa understellsramme');
INSERT INTO Orders (kundenummer, ordrenummer, ordretype, beskrivelse, device_id, status, opprettet_dato, symptomer_feil) VALUES (1050, N'ORD-10374', N'Garanti', N'Ettermontering av kamera/sensor', N'NAS-1050-001', N'Avsluttet', '2024-10-19', N'Oljetrykk-varsel paa dashboard');
INSERT INTO Orders (kundenummer, ordrenummer, ordretype, beskrivelse, device_id, status, opprettet_dato, symptomer_feil) VALUES (1050, N'ORD-10375', N'Garanti', N'Bestilling av slitedeler', N'NAS-1050-003', N'Under behandling', '2024-05-16', N'Rust paa understellsramme');
INSERT INTO Orders (kundenummer, ordrenummer, ordretype, beskrivelse, device_id, status, opprettet_dato, symptomer_feil) VALUES (1050, N'ORD-10376', N'Deler', N'Akutt reparasjon - maskin stoppet paa anlegg', N'NAS-1050-004', N'Avsluttet', '2024-03-31', N'');
INSERT INTO Orders (kundenummer, ordrenummer, ordretype, beskrivelse, device_id, status, opprettet_dato, symptomer_feil) VALUES (1050, N'ORD-10377', N'Deler', N'Oppgradering av maskinutstyr', N'NAS-1050-001', N'Ferdig', '2025-01-04', N'');
INSERT INTO Orders (kundenummer, ordrenummer, ordretype, beskrivelse, device_id, status, opprettet_dato, symptomer_feil) VALUES (1050, N'ORD-10378', N'Service', N'Akutt reparasjon - maskin stoppet paa anlegg', N'NAS-1050-002', N'Ferdig', '2022-12-07', N'Dieselfilter tett - hoeyt drivstofforbruk');
INSERT INTO Orders (kundenummer, ordrenummer, ordretype, beskrivelse, device_id, status, opprettet_dato, symptomer_feil) VALUES (1050, N'ORD-10379', N'Service', N'Utskifting av hydraulikkslanger', N'NAS-1050-004', N'Ferdig', '2024-05-31', N'Uvanlig stoey fra girkasse');
INSERT INTO Orders (kundenummer, ordrenummer, ordretype, beskrivelse, device_id, status, opprettet_dato, symptomer_feil) VALUES (1050, N'ORD-10380', N'Service', N'Akutt reparasjon - maskin stoppet paa anlegg', N'NAS-1050-003', N'Under behandling', '2024-11-11', N'Vindusvisker defekt');
INSERT INTO Orders (kundenummer, ordrenummer, ordretype, beskrivelse, device_id, status, opprettet_dato, symptomer_feil) VALUES (1050, N'ORD-10381', N'Reparasjon', N'Inspeksjon etter hendelse', N'NAS-1050-003', N'Avsluttet', '2024-08-06', N'Setedemping slitt - vibrasjonsproblem');
INSERT INTO Orders (kundenummer, ordrenummer, ordretype, beskrivelse, device_id, status, opprettet_dato, symptomer_feil) VALUES (1050, N'ORD-10382', N'Reparasjon', N'Planlagt 1000-timers service', N'NAS-1050-001', N'Avsluttet', '2022-08-03', N'Bremsesystem trenger justering');
INSERT INTO Orders (kundenummer, ordrenummer, ordretype, beskrivelse, device_id, status, opprettet_dato, symptomer_feil) VALUES (1050, N'ORD-10383', N'Deler', N'Sesongklargjoring for vinterbruk', N'NAS-1050-001', N'Mottatt', '2022-10-18', N'');
INSERT INTO Orders (kundenummer, ordrenummer, ordretype, beskrivelse, device_id, status, opprettet_dato, symptomer_feil) VALUES (1050, N'ORD-10384', N'Garanti', N'Planlagt 500-timers service', N'NAS-1050-003', N'Avsluttet', '2023-02-28', N'Grabbrotator reagerer tregt');
INSERT INTO Orders (kundenummer, ordrenummer, ordretype, beskrivelse, device_id, status, opprettet_dato, symptomer_feil) VALUES (1050, N'ORD-10385', N'Deler', N'Planlagt 1000-timers service', N'NAS-1050-004', N'Mottatt', '2024-06-16', N'');
INSERT INTO Orders (kundenummer, ordrenummer, ordretype, beskrivelse, device_id, status, opprettet_dato, symptomer_feil) VALUES (1050, N'ORD-10386', N'Deler', N'Planlagt 1000-timers service', N'NAS-1050-001', N'Ferdig', '2022-04-02', N'');
INSERT INTO Orders (kundenummer, ordrenummer, ordretype, beskrivelse, device_id, status, opprettet_dato, symptomer_feil) VALUES (1050, N'ORD-10387', N'Service', N'Aarlig service og vedlikehold', N'NAS-1050-003', N'Mottatt', '2022-12-03', N'Parkeringsbrems loesner ikke');
INSERT INTO Orders (kundenummer, ordrenummer, ordretype, beskrivelse, device_id, status, opprettet_dato, symptomer_feil) VALUES (1050, N'ORD-10388', N'Reparasjon', N'Oppgradering av maskinutstyr', N'NAS-1050-002', N'Under behandling', '2023-11-09', N'Hydraulikkpumpe gir redusert trykk');
INSERT INTO Orders (kundenummer, ordrenummer, ordretype, beskrivelse, device_id, status, opprettet_dato, symptomer_feil) VALUES (1050, N'ORD-10389', N'Deler', N'Inspeksjon etter hendelse', N'NAS-1050-002', N'Avsluttet', '2023-01-13', N'');
